1,com
2,net
3,googleapis.com
4,org
5,io
6,cn
7,goog
8,co
9,vn
10,tv
11,me
12,ms
13,us
14,jp
15,s3.amazonaws.com
16,elb.amazonaws.com
17,ly
18,com.vn
19,sg
20,ru
21,info
22,uk
23,cloudapp.net
24,com.cn
25,co.uk
26,gov
27,us-east-1.amazonaws.com
28,fi
29,xyz
30,link
31,eu
32,online
33,map.fastly.net
34,cloud
35,de
36,mobi
37,asia
38,id
39,st
40,hk
41,it
42,news
43,ai
44,cc
45,appspot.com
46,th
47,app
48,my
49,azurewebsites.net
50,gg
51,in
52,com.hk
53,pl
54,to
55,co.th
56,ph
57,club
58,co.id
59,sa
60,co.jp
61,biz
62,com.my
63,be
64,ca
65,kr
66,im
67,fr
68,nl
69,tw
70,pw
71,site
72,tech
73,com.sg
74,video
75,edu
76,global.ssl.fastly.net
77,pro
78,org.cn
79,au
80,co.kr
81,network
82,githubusercontent.com
83,com.ph
84,com.au
85,com.tw
86,blogspot.com
87,ws
88,s3-us-west-2.amazonaws.com
89,tumblr.com
90,media
91,ch
92,support
93,ne.jp
94,house
95,s3-ap-southeast-1.amazonaws.com
96,top
97,mil
98,edu.cn
99,gl
100,es
101,br
102,sh
103,live
104,fm
105,google
106,com.br
107,se
108,co.in
109,nz
110,elasticbeanstalk.com
111,github.io
112,herokuapp.com
113,market
114,rsc.cdn77.org
115,cloudfunctions.net
116,mx
117,space
118,co.nz
119,arpa
120,s3.dualstack.ap-southeast-1.amazonaws.com
121,software
122,tk
123,pk
124,systems
125,am
126,in.th
127,net.id
128,withgoogle.com
129,net.vn
130,fun
131,at
132,la
133,co.za
134,dk
135,ie
136,cz
137,ro
138,gov.cn
139,name
140,zone
141,fastlylb.net
142,jobs
143,com.pk
144,ae
145,email
146,lu
147,com.mx
148,dev
149,pt
150,gov.vn
151,s3-eu-west-1.amazonaws.com
152,map.fastlylb.net
153,tr
154,no
155,ua
156,gov.hk
157,vc
158,dyndns.org
159,ar
160,gr
161,lt
162,bid
163,vip
164,sk
165,is
166,us-east-1.elasticbeanstalk.com
167,com.tr
168,pe
169,com.ar
170,re
171,edu.vn
172,cl
173,hu
174,ir
175,services
176,li
177,si
178,icu
179,qa
180,go.id
181,bd
182,s3-us-west-1.amazonaws.com
183,host
184,gt
185,apps.fbsbx.com
186,gle
187,games
188,su
189,ddns.net
190,casa
191,com.ua
192,ee
193,us-west-2.elasticbeanstalk.com
194,firebaseapp.com
195,go.th
196,s3.us-east-2.amazonaws.com
197,sc
198,net.cn
199,gov.my
200,life
201,nu
202,lk
203,bz
204,work
205,org.vn
206,website
207,ninja
208,so
209,win
210,chat
211,or.us
212,s3-ap-northeast-1.amazonaws.com
213,com.qa
214,one
215,org.uk
216,gov.sg
217,pub
218,today
219,stream
220,onion
221,ac.id
222,money
223,gov.br
224,store
225,by
226,ac.uk
227,ovh
228,int
229,world
230,shop
231,il
232,duckdns.org
233,best
234,com.pe
235,bg
236,rocks
237,click
238,bar
239,or.jp
240,net.au
241,googlecode.com
242,ac
243,net.uk
244,party
245,or.th
246,gov.tw
247,xxx
248,edu.hk
249,solutions
250,fyi
251,al
252,s3.ap-south-1.amazonaws.com
253,global
254,biz.id
255,com.co
256,studio
257,ga
258,kz
259,bnpparibas
260,ml
261,ac.th
262,cx
263,ec
264,co.il
265,page
266,uy
267,hn
268,rs
269,s3.eu-central-1.amazonaws.com
270,tc
271,ap-northeast-2.elasticbeanstalk.com
272,edu.tw
273,goip.de
274,cat
275,digital
276,tools
277,kg
278,agency
279,bradesco
280,com.uy
281,plus
282,eu.org
283,lv
284,trade
285,np
286,events
287,gov.au
288,org.hk
289,edu.sg
290,gov.uk
291,ac.jp
292,sale
293,edu.au
294,as
295,do
296,cf
297,hr
298,py
299,gov.ph
300,ad
301,cm
302,org.au
303,com.py
304,moe
305,web.id
306,frl
307,buzz
308,tl
309,org.tw
310,k12.or.us
311,kh
312,nhs.uk
313,guru
314,works
315,ad.jp
316,s3-external-1.amazonaws.com
317,edu.my
318,rest
319,elb.amazonaws.com.cn
320,wa.us
321,mu
322,md
323,download
324,gc.ca
325,ag
326,freetls.fastly.net
327,com.pl
328,ve
329,com.de
330,press
331,blog
332,gov.in
333,mm
334,sch.id
335,eu-west-1.elasticbeanstalk.com
336,coop
337,tn
338,men
339,aws
340,kw
341,ma
342,pm
343,technology
344,go.jp
345,group
346,watch
347,mn
348,or.id
349,ke
350,aero
351,ng
352,ltd
353,go.kr
354,gq
355,bh
356,onl
357,cr
358,mo
359,gd
360,applinzi.com
361,monster
362,sinaapp.com
363,wf
364,mt
365,cu
366,ca.us
367,com.sa
368,zw
369,net.tw
370,mp
371,my.id
372,photos
373,supply
374,ge
375,center
376,com.ru
377,co.zw
378,tt
379,pics
380,com.mt
381,az
382,gs
383,bn
384,jp.net
385,ac.cn
386,red
387,net.br
388,sch.uk
389,uz
390,co.ke
391,net.my
392,s3-website-us-east-1.amazonaws.com
393,org.ec
394,wixsite.com
395,com.kw
396,desi
397,net.nz
398,cool
399,management
400,uno
401,eg
402,netlify.app
403,team
404,org.br
405,delivery
406,ne
407,lg.jp
408,ki
409,art
410,on.ca
411,co.at
412,myqnapcloud.com
413,dhl
414,gov.pk
415,qc.ca
416,org.my
417,ab.ca
418,com.ec
419,ba
420,s3.dualstack.eu-west-1.amazonaws.com
421,com.ve
422,s3-ap-southeast-2.amazonaws.com
423,design
424,ug
425,gov.pl
426,mn.us
427,edu.pk
428,om
429,bo
430,s3.cn-north-1.amazonaws.com.cn
431,com.bz
432,bc.ca
433,com.bh
434,kasserver.com
435,mk
436,or.kr
437,herokussl.com
438,wiki
439,bi
440,ac.kr
441,mg
442,travel
443,com.do
444,cy
445,s3.dualstack.us-east-1.amazonaws.com
446,bank
447,ap-southeast-1.elasticbeanstalk.com
448,tj
449,com.bn
450,pantheonsite.io
451,help
452,homeip.net
453,date
454,jo
455,gov.tr
456,me.uk
457,org.ru
458,wang
459,run
460,sh.cn
461,net.pl
462,sv
463,org.sg
464,org.nz
465,members.linode.com
466,us-east-2.elasticbeanstalk.com
467,net.co
468,xn--p1ai
469,tz
470,com.gt
471,pa
472,readthedocs.io
473,net.sg
474,spb.ru
475,ooo
476,movie
477,business
478,mv
479,sytes.net
480,edu.ph
481,sb
482,tips
483,nic.in
484,ac.in
485,s3.eu-west-2.amazonaws.com
486,ci
487,net.pk
488,ap-northeast-1.elasticbeanstalk.com
489,com.ng
490,company
491,lpages.co
492,sx
493,com.eg
494,gov.il
495,com.cy
496,s3.ap-northeast-2.amazonaws.com
497,wtf
498,af
499,gob.mx
500,govt.nz
501,lb
502,rip
503,now.sh
504,tokyo
505,ink
506,blogspot.co.id
507,gv.at
508,oh.us
509,ed.jp
510,care
511,sap
512,fit
513,k12.wa.us
514,kozow.com
515,gov.mo
516,gov.ua
517,il.us
518,kommune.no
519,net.tr
520,dz
521,gov.ar
522,k12.ca.us
523,us.com
524,sn
525,net.ua
526,ps
527,tx.us
528,vic.gov.au
529,hopto.org
530,ni
531,com.es
532,guide
533,gov.ae
534,net.ar
535,co.cr
536,vg
537,ntt
538,ac.at
539,edu.pl
540,na
541,uk.com
542,co.tz
543,eu-central-1.elasticbeanstalk.com
544,mz
545,biz.vn
546,tm
547,gov.qa
548,com.sv
549,cam
550,nf
551,org.ar
552,bw
553,eu.com
554,meet
555,gov.sa
556,com.pa
557,yt
558,zapto.org
559,com.mo
560,service.gov.uk
561,ao
562,fj
563,game
564,city
565,com.gr
566,ddns.me
567,net.in
568,org.ua
569,workers.dev
570,sex
571,bingo
572,wi.us
573,gy
574,org.il
575,bm
576,pr
577,no-ip.org
578,gr.jp
579,net.hk
580,org.in
581,us-west-1.elasticbeanstalk.com
582,s3.ca-central-1.amazonaws.com
583,fl.us
584,porn
585,pg
586,org.za
587,zm
588,re.kr
589,nyc
590,k12.oh.us
591,bs
592,webcam
593,net.mx
594,qld.gov.au
595,synology.me
596,bet
597,org.tr
598,beer
599,a.ssl.fastly.net
600,a.run.app
601,gov.co
602,run.app
603,school
604,cd
605,com.bo
606,edu.tr
607,land
608,adv.br
609,nj.us
610,ac.ir
611,in-addr.arpa
612,in.ua
613,ht
614,co.hu
615,com.fj
616,health
617,s3-website.eu-central-1.amazonaws.com
618,mine.nu
619,cash
620,com.lb
621,lc
622,com.af
623,report
624,ma.us
625,com.ni
626,gh
627,je
628,mi.us
629,dm
630,mb.ca
631,net.il
632,web.app
633,gov.it
634,eus
635,gob.pe
636,bt
637,kiev.ua
638,vin
639,chrome
640,ia.us
641,org.pl
642,s3-us-east-2.amazonaws.com
643,dyndns.biz
644,co.ug
645,edu.ar
646,s3-website-us-west-2.amazonaws.com
647,gov.za
648,review
649,bio
650,ak.us
651,wa.gov.au
652,community
653,in.us
654,et
655,codes
656,ngrok.io
657,jm
658,k12.il.us
659,ny.us
660,ac.nz
661,id.us
662,ky
663,org.mx
664,blue
665,net.sa
666,com.mk
667,ren
668,co.ve
669,exchange
670,dattolocal.net
671,ind.br
672,js.org
673,org.pk
674,co.mz
675,police.uk
676,tj.cn
677,co.bw
678,ms.us
679,social
680,gdn
681,new
682,sk.ca
683,tube
684,ac.il
685,remotewd.com
686,bit
687,show
688,kinghost.net
689,gouv.fr
690,rw
691,co.ao
692,fan
693,bz.it
694,asn.au
695,canon
696,com.hn
697,pa.us
698,expert
699,edu.mx
700,vet
701,cv
702,altervista.org
703,bj
704,com.pr
705,ac.za
706,edu.br
707,mi.th
708,asso.fr
709,pf
710,law
711,onthewifi.com
712,tel
713,va.us
714,com.gh
715,id.au
716,idv.tw
717,lol
718,ac.be
719,c.cdn77.org
720,surf
721,gob.ar
722,racing
723,training
724,co.us
725,gov.ru
726,msk.ru
727,waw.pl
728,com.ge
729,dj
730,mc
731,no-ip.biz
732,nc
733,com.na
734,dnshome.de
735,gift
736,co.rs
737,love
738,edu.in
739,ga.us
740,tf
741,academy
742,co.zm
743,homelinux.net
744,net.ae
745,army
746,iq
747,nc.us
748,uni5.net
749,carrd.co
750,com.jo
751,com.tn
752,fvg.it
753,tax
754,farm
755,sm
756,dynu.net
757,vegas
758,here
759,net.za
760,net.ph
761,s3-website-eu-west-1.amazonaws.com
762,gob.es
763,science
764,edu.sa
765,ru.com
766,vic.edu.au
767,gifts
768,ath.cx
769,de.com
770,fo
771,res.in
772,style
773,edu.co
774,vu
775,audio
776,net.ve
777,co.ma
778,s3-website-ap-southeast-1.amazonaws.com
779,k12.mi.us
780,kpmg
781,nsw.edu.au
782,gi
783,k12.mn.us
784,lat
785,ar.us
786,wy.us
787,pn
788,com.cu
789,education
790,null
791,gitlab.io
792,rhcloud.com
793,gov.bn
794,loan
795,london
796,com.pt
797,cab
798,gob.ec
799,ind.in
800,cn-north-1.eb.amazonaws.com.cn
801,gov.lk
802,tokyo.jp
803,net.th
804,com.sh
805,or.at
806,kicks-ass.net
807,bf
808,wroc.pl
809,com.mv
810,dyndns.tv
811,box
812,fr.eu.org
813,s3-us-gov-west-1.amazonaws.com
814,sp.gov.br
815,gov.jo
816,in.net
817,direct
818,inf.br
819,kim
820,s3-eu-central-1.amazonaws.com
821,az.us
822,poznan.pl
823,org.ph
824,va
825,k12.pa.us
826,ls
827,com.om
828,ck
829,cn.com
830,coffee
831,hsbc
832,sony
833,mt.us
834,selfip.biz
835,bel.tr
836,church
837,mo.us
838,com.am
839,com.et
840,vi
841,blogspot.co.uk
842,k12.ia.us
843,express
844,cafe
845,ax
846,sy
847,dyndns.info
848,xin
849,ltd.uk
850,zp.ua
851,jus.br
852,blogspot.com.br
853,gov.ie
854,redirectme.net
855,k12.wi.us
856,museum
857,od.ua
858,we.bs
859,bike
860,gm
861,goo
862,nv.us
863,scot
864,uk.net
865,pink
866,s3-website-us-west-1.amazonaws.com
867,blogspot.in
868,gratis
869,bb
870,edu.mo
871,ce.gov.br
872,taipei
873,co.ls
874,k12.wy.us
875,legal
876,sl
877,blogspot.fr
878,careers
879,ok.us
880,blogspot.ca
881,gov.ng
882,hosting
883,international
884,cg
885,com.hr
886,gd.cn
887,pictures
888,ct.us
889,mw
890,wa.edu.au
891,eng.br
892,com.vc
893,s3-sa-east-1.amazonaws.com
894,amex
895,ap-southeast-2.elasticbeanstalk.com
896,blogspot.my
897,dp.ua
898,br.com
899,zip
900,blogspot.tw
901,bo.it
902,org.qa
903,k12.mo.us
904,blogspot.com.es
905,chambagri.fr
906,global.prod.fastly.net
907,gob.cl
908,ns.ca
909,tm.fr
910,gov.lv
911,kiwi
912,toscana.it
913,com.la
914,cw
915,no-ip.info
916,s3.eu-west-3.amazonaws.com
917,yandex
918,blackbaudcdn.net
919,dog
920,ut.us
921,md.us
922,pharmacy
923,k12.az.us
924,gob.ve
925,uberspace.de
926,edu.it
927,gov.om
928,net.lb
929,go.tz
930,golf
931,k12.in.us
932,myfritz.net
933,nr
934,k12.ar.us
935,marketing
936,psi.br
937,za.net
938,ac.lk
939,dn.ua
940,domains
941,fed.us
942,k12.ms.us
943,net.ru
944,cci.fr
945,gov.ma
946,s3-ap-south-1.amazonaws.com
947,tickets
948,leadpages.co
949,edu.ec
950,catholic.edu.au
951,edu.ua
952,mg.gov.br
953,pp.ua
954,la.us
955,ln.cn
956,myvnc.com
957,sd
958,gov.eg
959,info.vn
960,k12.nj.us
961,org.eg
962,saitama.jp
963,sr
964,gen.tr
965,k12.ny.us
966,mil.br
967,nh.us
968,rnu.tn
969,co.ir
970,llc
971,med.br
972,africa
973,com.ro
974,gob.pa
975,tuxfamily.org
976,gp
977,how
978,net.mv
979,gda.pl
980,info.pl
981,nico
982,sc.us
983,azure-mobile.net
984,earth
985,garden
986,k12.mt.us
987,al.us
988,nm.us
989,pet
990,build
991,k12.ga.us
992,tas.gov.au
993,nt.ca
994,photo
995,swiss
996,edu.pe
997,es.gov.br
998,k12.tr
999,sa.edu.au
1000,us.org
1001,glitch.me
1002,gold
1003,net.pe
1004,school.nz
1005,sharp
1006,tg
1007,ac.ae
1008,bloxcms.com
1009,gov.tt
1010,nl.ca
1011,noip.me
1012,df.gov.br
1013,gov.cy
1014,gov.kw
1015,med.sa
1016,co.com
1017,edu.ng
1018,gmbh
1019,town
1020,partners
1021,edu.ve
1022,gov.ge
1023,name.vn
1024,sz
1025,web.tr
1026,gov.al
1027,k12.id.us
1028,biz.ua
1029,inc
1030,maori.nz
1031,zgora.pl
1032,go.ke
1033,hokkaido.jp
1034,k12.ma.us
1035,realtor
1036,deals
1037,ye
1038,blogspot.hk
1039,film
1040,institute
1041,ist
1042,youtube
1043,co.ae
1044,hm
1045,myftp.org
1046,gov.rs
1047,pro.vn
1048,wine
1049,com.al
1050,com.lk
1051,gov.bh
1052,gov.pt
1053,jpn.com
1054,zt.ua
1055,ba.gov.br
1056,blogspot.de
1057,ddnsking.com
1058,engineering
1059,gob.ni
1060,gov.kz
1061,js.cn
1062,myds.me
1063,sexy
1064,vision
1065,apple
1066,crs
1067,cloud.fedoraproject.org
1068,k12.va.us
1069,net.bn
1070,photography
1071,aichi.jp
1072,b.ssl.fastly.net
1073,car
1074,de.us
1075,tv.br
1076,bzh
1077,edu.uy
1078,kn
1079,krakow.pl
1080,mr
1081,org.sa
1082,plc.uk
1083,s3-website-ap-southeast-2.amazonaws.com
1084,webhop.net
1085,ap-south-1.elasticbeanstalk.com
1086,com.ag
1087,dep.no
1088,fitness
1089,gob.sv
1090,moscow
1091,office
1092,sbi
1093,ac.vn
1094,ddnsfree.com
1095,debian.net
1096,energy
1097,pe.kr
1098,rs.gov.br
1099,to.it
1100,blogspot.sg
1101,eco.br
1102,platformsh.site
1103,srv.br
1104,arq.br
1105,aw
1106,biz.pl
1107,bmw
1108,go.cr
1109,gob.bo
1110,pr.gov.br
1111,s3-eu-west-2.amazonaws.com
1112,berlin
1113,capital
1114,fi.it
1115,irish
1116,org.pe
1117,rzeszow.pl
1118,ads
1119,cards
1120,co.it
1121,gallery
1122,oz.au
1123,wmflabs.org
1124,com.ai
1125,dental
1126,menu
1127,net.qa
1128,com.sb
1129,gb.net
1130,ngo
1131,vn.ua
1132,desa.id
1133,gub.uy
1134,gx.cn
1135,k12.fl.us
1136,pe.ca
1137,qld.edu.au
1138,yolasite.com
1139,directory
1140,getmyip.com
1141,hi.us
1142,restaurant
1143,k12.tx.us
1144,lombardia.it
1145,art.br
1146,band
1147,demon.nl
1148,eti.br
1149,k12.co.us
1150,k12.nc.us
1151,lg.ua
1152,lviv.ua
1153,pl.ua
1154,url.tw
1155,you
1156,ac.rs
1157,basilicata.it
1158,blogspot.it
1159,eco
1160,fund
1161,gob.do
1162,gov.mv
1163,net.py
1164,s3-ca-central-1.amazonaws.com
1165,sumy.ua
1166,ac.ru
1167,co.tt
1168,dynalias.net
1169,or.tz
1170,serveftp.com
1171,if.ua
1172,iobb.net
1173,nm.cn
1174,r.appspot.com
1175,ac.cr
1176,com.ly
1177,dynv6.net
1178,finance
1179,gov.py
1180,markets
1181,yk.ca
1182,abbott
1183,bot
1184,coop.br
1185,k12.ct.us
1186,kumamoto.jp
1187,okayama.jp
1188,org.co
1189,osaka.jp
1190,se.gov.br
1191,cnt.br
1192,mil.id
1193,mobile
1194,tur.br
1195,dnsalias.com
1196,from-ks.com
1197,gop.pk
1198,homeoffice.gov.uk
1199,myftp.biz
1200,org.mz
1201,vt.us
1202,edu.cu
1203,gov.ir
1204,inf.cu
1205,net.cu
1206,recipes
1207,blogspot.nl
1208,coach
1209,gotdns.com
1210,gw
1211,ks.us
1212,gov.bt
1213,gov.mn
1214,lib.in.us
1215,ne.kr
1216,sa.gov.au
1217,fish
1218,istanbul
1219,net.ba
1220,net.ma
1221,paris
1222,rich
1223,sc.gov.br
1224,shizuoka.jp
1225,tn.it
1226,vipsinaapp.com
1227,co.uz
1228,edu.lb
1229,freedesktop.org
1230,gov.af
1231,kharkov.ua
1232,koeln
1233,org.mo
1234,td
1235,blogspot.jp
1236,family
1237,gov.ba
1238,leg.br
1239,consulting
1240,foundation
1241,gu
1242,immo
1243,k12.de.us
1244,yandexcloud.net
1245,edu.qa
1246,ks.ua
1247,muni.il
1248,opole.pl
1249,s3-website.us-east-2.amazonaws.com
1250,wales
1251,cc.ca.us
1252,ha.cn
1253,k12.al.us
1254,nf.ca
1255,poltava.ua
1256,post
1257,servehttp.com
1258,blogspot.ru
1259,chiba.jp
1260,com.ky
1261,discount
1262,gov.lb
1263,kp
1264,net.do
1265,nu.ca
1266,promo
1267,bplaced.net
1268,co.ua
1269,glass
1270,odessa.ua
1271,place
1272,vgs.no
1273,al.gov.br
1274,bounceme.net
1275,cq.cn
1276,flights
1277,gov.cl
1278,hiroshima.jp
1279,mp.br
1280,or.ke
1281,pro.br
1282,szczecin.pl
1283,av.tr
1284,edu.kw
1285,gov.mk
1286,kh.ua
1287,km
1288,nagano.jp
1289,nb.ca
1290,parts
1291,s3-website-ap-northeast-1.amazonaws.com
1292,vi.it
1293,cn.it
1294,gov.bb
1295,pe.gov.br
1296,sa.gov.pl
1297,selfip.com
1298,com.gi
1299,graphics
1300,km.ua
1301,nrw
1302,org.ve
1303,re.it
1304,servebeer.com
1305,storage.yandexcloud.net
1306,bayern
1307,co.sz
1308,edu.ru
1309,gov.by
1310,gov.la
1311,k12.sc.us
1312,lr
1313,org.rs
1314,ra.it
1315,taxi
1316,aq
1317,baidu
1318,fk
1319,kyoto.jp
1320,niigata.jp
1321,priv.at
1322,servegame.com
1323,sncf
1324,ac.fj
1325,ac.zw
1326,co.vi
1327,com.sl
1328,go.gov.br
1329,mt.gov.br
1330,platform.sh
1331,realty
1332,uol
1333,uw.gov.pl
1334,camp
1335,edu.ee
1336,freeddns.org
1337,ne.us
1338,pizza
1339,reviews
1340,ud.it
1341,blogspot.com.au
1342,caspio.com
1343,com.fr
1344,diet
1345,freeboxos.fr
1346,keymachine.de
1347,rodeo
1348,te.ua
1349,3utilities.com
1350,ac.ke
1351,agr.br
1352,blogspot.gr
1353,co.na
1354,gal
1355,game.tw
1356,katowice.pl
1357,s3-website.ap-northeast-2.amazonaws.com
1358,auto
1359,faith
1360,hyogo.jp
1361,vr.it
1362,clinic
1363,com.tj
1364,edu.eg
1365,ehime.jp
1366,gob.gt
1367,gotdns.ch
1368,kitchen
1369,net.fj
1370,net.mt
1371,net.rw
1372,no-ip.net
1373,university
1374,fin.ec
1375,go.ug
1376,gov.az
1377,iwate.jp
1378,mq
1379,ms.gov.br
1380,org.es
1381,org.uy
1382,rv.ua
1383,srl
1384,wien
1385,ac.cy
1386,casino
1387,fj.cn
1388,giize.com
1389,gleeze.com
1390,haus
1391,k12.ut.us
1392,mi.it
1393,net.ly
1394,poker
1395,uy.com
1396,ao.it
1397,art.pl
1398,c66.me
1399,gov.gr
1400,lib.ia.us
1401,ru.net
1402,saxo
1403,solar
1404,tur.ar
1405,ventures
1406,ac.ma
1407,adm.br
1408,blog.br
1409,cloudaccess.net
1410,com.nf
1411,fi.cr
1412,gov.do
1413,gunma.jp
1414,nfshost.com
1415,olsztyn.pl
1416,org.cy
1417,pz.it
1418,rj.gov.br
1419,webhop.me
1420,wedding
1421,adult
1422,amsterdam
1423,camera
1424,cisco
1425,ddnsgeek.com
1426,edu.mn
1427,k12.ok.us
1428,mh
1429,nh-serv.co.uk
1430,padova.it
1431,s3-website-sa-east-1.amazonaws.com
1432,weir
1433,biz.tr
1434,blogspot.com.tr
1435,dvrdns.org
1436,fans
1437,kanagawa.jp
1438,lib.mn.us
1439,lublin.pl
1440,net.mk
1441,net.tt
1442,ac.ug
1443,bydgoszcz.pl
1444,dnsalias.net
1445,donetsk.ua
1446,dyndns.ws
1447,edu.jo
1448,eu-west-2.elasticbeanstalk.com
1449,health.nz
1450,lib.oh.us
1451,s3-website.eu-west-2.amazonaws.com
1452,accesscam.org
1453,black
1454,co.im
1455,com.vi
1456,com.zm
1457,dreamhosters.com
1458,forsale
1459,mil.my
1460,net.ni
1461,pp.se
1462,wroclaw.pl
1463,yoga
1464,aaa
1465,fashion
1466,gov.me
1467,gov.scot
1468,k12.vt.us
1469,org.zw
1470,piemonte.it
1471,repl.co
1472,sa.com
1473,seoul.kr
1474,theworkpc.com
1475,boutique
1476,dyndns-ip.com
1477,fox
1478,gdynia.pl
1479,gn
1480,ooguy.com
1481,prod
1482,tn.us
1483,toyama.jp
1484,trieste.it
1485,aomori.jp
1486,barclays
1487,cri.nz
1488,dance
1489,dynns.com
1490,green
1491,jl.cn
1492,sa.cr
1493,servemp3.com
1494,shimane.jp
1495,shopping
1496,si.eu.org
1497,sklep.pl
1498,ck.ua
1499,edu.bo
1500,edu.gt
1501,er
1502,gifu.jp
1503,gliwice.pl
1504,lighting
1505,net.gt
1506,org.ng
1507,slupsk.pl
1508,tochigi.jp
1509,tours
1510,agric.za
1511,clothing
1512,co.rw
1513,computer
1514,dnsalias.org
1515,edu.om
1516,gv.ao
1517,hamburg
1518,hk.com
1519,insure
1520,limited
1521,total
1522,va.it
1523,audi
1524,bg.it
1525,blogspot.pt
1526,brother
1527,gov.mz
1528,ky.us
1529,ma.gov.br
1530,org.py
1531,rentals
1532,rnrt.tn
1533,uz.ua
1534,accountant
1535,barcelona
1536,co.mu
1537,fukushima.jp
1538,gov.sy
1539,healthcare
1540,iki.fi
1541,manaus.br
1542,mie.jp
1543,mo.it
1544,mus.br
1545,nd.us
1546,net.ec
1547,ong
1548,pb.gov.br
1549,properties
1550,r.cdn77.net
1551,rep.kp
1552,serveirc.com
1553,webredirect.org
1554,zj.cn
1555,camdvr.org
1556,com.lr
1557,edu.iq
1558,g12.br
1559,gov.sb
1560,gov.tm
1561,k12.nm.us
1562,lib.il.us
1563,me.us
1564,miyagi.jp
1565,mortgage
1566,ski
1567,sky
1568,sr.gov.pl
1569,alwaysdata.net
1570,com.pf
1571,dynalias.com
1572,ed.cr
1573,edu.lk
1574,fail
1575,folkebibl.no
1576,gf
1577,gov.fj
1578,s3-ap-northeast-2.amazonaws.com
1579,s3.dualstack.us-east-2.amazonaws.com
1580,sd.us
1581,so.gov.pl
1582,tottori.jp
1583,toys
1584,cloudns.asia
1585,dating
1586,financial
1587,gen.nz
1588,idv.hk
1589,net.kw
1590,org.mk
1591,puglia.it
1592,ruhr
1593,schwarz
1594,servepics.com
1595,spdns.de
1596,club.tw
1597,com.km
1598,com.kp
1599,enterprises
1600,equipment
1601,gov.ps
1602,homedns.org
1603,lgbt
1604,lib.tx.us
1605,net.om
1606,org.zm
1607,palermo.it
1608,sci.eg
1609,servehalflife.com
1610,spdns.org
1611,abc
1612,act.edu.au
1613,auction
1614,ca-central-1.elasticbeanstalk.com
1615,com.ps
1616,com.se
1617,cs.it
1618,ct.it
1619,edu.rs
1620,gos.pk
1621,gouv.sn
1622,gov.bs
1623,hk.org
1624,icbc
1625,jetzt
1626,mk.ua
1627,mywire.org
1628,nsn.us
1629,okinawa.jp
1630,org.ir
1631,pr.it
1632,quebec
1633,akita.jp
1634,bj.cn
1635,blogspot.fi
1636,co.om
1637,dyndns-server.com
1638,edu.et
1639,edu.eu.org
1640,edu.gr
1641,edu.sv
1642,football
1643,gov.dz
1644,gov.gh
1645,hk.cn
1646,k12.nh.us
1647,kiwi.nz
1648,kr.ua
1649,mydrobo.com
1650,na.it
1651,org.bo
1652,radio
1653,servequake.com
1654,sx.cn
1655,sydney
1656,vda.it
1657,veneto.it
1658,yamagata.jp
1659,ac.mz
1660,blogspot.hu
1661,com.by
1662,com.gu
1663,corsica
1664,cv.ua
1665,discourse.group
1666,edu.bn
1667,fedorapeople.org
1668,geek.nz
1669,k12.la.us
1670,med
1671,miniserver.com
1672,pd.it
1673,serveblog.net
1674,stuff-4-sale.us
1675,webhop.org
1676,xn--p1acf
1677,ah.cn
1678,baby
1679,com.ba
1680,edu.az
1681,edu.do
1682,hi.cn
1683,imb.br
1684,mil.pl
1685,net.gr
1686,off
1687,org.bh
1688,pp.ru
1689,rent
1690,repair
1691,ss
1692,ve.it
1693,xn--80adxhks
1694,ac.tz
1695,citic
1696,cn.ua
1697,fastvps-server.com
1698,fe.it
1699,fukuoka.jp
1700,gov.mu
1701,nagoya
1702,nra
1703,pol.tr
1704,productions
1705,school.za
1706,servecounterstrike.com
1707,sport
1708,study
1709,tattoo
1710,xn--ses554g
1711,64-b.it
1712,bs.it
1713,estate
1714,fedorainfracloud.org
1715,firenze.it
1716,hl.cn
1717,in.rs
1718,ishikawa.jp
1719,j.layershift.co.uk
1720,kagoshima.jp
1721,marche.it
1722,mil.ar
1723,monash
1724,navy
1725,net.sb
1726,or.ug
1727,s3.dualstack.ap-northeast-1.amazonaws.com
1728,sch.qa
1729,search
1730,warszawa.pl
1731,ac.pa
1732,ae.org
1733,cricket
1734,drayddns.com
1735,edu.gh
1736,elblag.pl
1737,gb
1738,gdansk.pl
1739,gov.bf
1740,jx.cn
1741,krd
1742,linodeobjects.com
1743,llp
1744,mayfirst.org
1745,md.ci
1746,medecin.fr
1747,mil.co
1748,moda
1749,myphotos.cc
1750,org.fj
1751,org.la
1752,pa.gov.br
1753,torino.it
1754,aeroport.fr
1755,builders
1756,ca.it
1757,capetown
1758,cc.al.us
1759,college
1760,construction
1761,cu.cc
1762,dattoweb.com
1763,endofinternet.net
1764,gov.ve
1765,homelinux.org
1766,horse
1767,hs.kr
1768,java
1769,melbourne
1770,miami
1771,microsoft
1772,mil.cn
1773,org.af
1774,org.do
1775,radom.pl
1776,ras.ru
1777,saarland
1778,sd.cn
1779,serveminecraft.net
1780,sn.cn
1781,trust
1782,uk0.bigv.io
1783,an.it
1784,blogspot.com.ar
1785,edgeapp.net
1786,edu.ba
1787,etc.br
1788,eu-west-3.elasticbeanstalk.com
1789,gotdns.org
1790,gov.tn
1791,holiday
1792,i234.me
1793,ibaraki.jp
1794,kep.tr
1795,liguria.it
1796,nat.tn
1797,nctu.me
1798,observer
1799,org.gr
1800,org.jo
1801,pv.it
1802,ro.gov.br
1803,toyota
1804,venezia.it
1805,bible
1806,blogspot.kr
1807,cheap
1808,crimea.ua
1809,cymru
1810,doesntexist.com
1811,gr.it
1812,myjino.ru
1813,per.sg
1814,realestate
1815,supplies
1816,cc.ms.us
1817,com.sy
1818,czest.pl
1819,edu.es
1820,edu.mk
1821,exposed
1822,futbol
1823,gov.bm
1824,hn.cn
1825,homes
1826,joburg
1827,livorno.it
1828,net.et
1829,outsystemscloud.com
1830,pulawy.pl
1831,schools.nsw.edu.au
1832,xn--90ais
1833,yahoo
1834,zarow.pl
1835,associates
1836,awsmppl.com
1837,ba.it
1838,bergamo.it
1839,com.az
1840,dentist
1841,dyndns-office.com
1842,edu.af
1843,forex
1844,holdings
1845,lib.ut.us
1846,lima-city.de
1847,loans
1848,lu.it
1849,milano.it
1850,mom
1851,nsupdate.info
1852,oita.jp
1853,onrender.com
1854,pila.pl
1855,port.fr
1856,roma.it
1857,scb
1858,static.observableusercontent.com
1859,withyoutube.com
1860,wv.us
1861,ancona.it
1862,co.me
1863,com.kz
1864,dyndns-blog.com
1865,hb.cn
1866,industries
1867,lawyer
1868,mil.ec
1869,mil.ph
1870,mypsx.net
1871,next
1872,org.mt
1873,perugia.it
1874,s3-fips-us-gov-west-1.amazonaws.com
1875,s3-website.ap-south-1.amazonaws.com
1876,sa-east-1.elasticbeanstalk.com
1877,security
1878,sicilia.it
1879,tirol
1880,tychy.pl
1881,xn--fiqs8s
1882,xn--io0a7i
1883,yokohama
1884,appchizi.com
1885,archi
1886,azure
1887,bing
1888,blogspot.ro
1889,bv
1890,cc.nc.us
1891,com.ee
1892,credit
1893,cremona.it
1894,data
1895,emilia-romagna.it
1896,gz.cn
1897,in-berlin.de
1898,jgora.pl
1899,kaufen
1900,loginto.me
1901,memset.net
1902,nara.jp
1903,net.bo
1904,net.gy
1905,org.tn
1906,pi.gov.br
1907,pn.it
1908,prato.it
1909,pt.it
1910,ri.us
1911,rybnik.pl
1912,sa.it
1913,shoes
1914,sj
1915,ui.nabu.casa
1916,vet.br
1917,vote
1918,al.it
1919,aland.fi
1920,azurecontainer.io
1921,bialystok.pl
1922,blogspot.mx
1923,bologna.it
1924,doctor
1925,dy.fi
1926,dynvpn.de
1927,edu.bh
1928,edu.py
1929,engineer
1930,firm.in
1931,freesite.host
1932,gmail
1933,gov.et
1934,gov.tl
1935,gov.to
1936,k12.md.us
1937,lib.md.us
1938,magentosite.cloud
1939,me.it
1940,mn.it
1941,myddns.rocks
1942,odo.br
1943,okinawa
1944,or.cr
1945,org.lb
1946,org.ma
1947,org.tt
1948,phone
1949,s3.dualstack.ap-south-1.amazonaws.com
1950,selfip.net
1951,spb.su
1952,ternopil.ua
1953,to.gov.br
1954,tokushima.jp
1955,tv.it
1956,xn--czr694b
1957,xn--j1amh
1958,zagan.pl
1959,actor
1960,blogspot.se
1961,boston
1962,catering
1963,cn-northwest-1.eb.amazonaws.com.cn
1964,com.gn
1965,com.sd
1966,csc
1967,diskstation.me
1968,dscloud.me
1969,edu.ni
1970,esp.br
1971,feedback
1972,genova.it
1973,gmx
1974,gouv.ci
1975,gov.sd
1976,homeunix.com
1977,honda
1978,k12.tn.us
1979,lib.ca.us
1980,lib.va.us
1981,lidl
1982,luxury
1983,man
1984,mba
1985,mil.kr
1986,no.com
1987,nom.fr
1988,nx.cn
1989,org.na
1990,org.pt
1991,pa.it
1992,pistoia.it
1993,pisz.pl
1994,salon
1995,tatar
1996,ts.it
1997,vacations
1998,vanguard
1999,varese.it
2000,xn--80asehdb
2001,accenture
2002,amazon
2003,ap.gov.br
2004,asti.it
2005,bari.it
2006,blogdns.net
2007,brescia.it
2008,cbs
2009,cc.wa.us
2010,chirurgiens-dentistes.fr
2011,co.gy
2012,com.ht
2013,com.iq
2014,coupons
2015,cr.it
2016,degree
2017,edu.pa
2018,edu.pf
2019,edu.ps
2020,edu.pt
2021,familyds.com
2022,fukui.jp
2023,leclerc
2024,lib
2025,mt.it
2026,net.eg
2027,org.kw
2028,org.ro
2029,organic
2030,podzone.net
2031,pvt.k12.ma.us
2032,reisen
2033,ri.it
2034,saga.jp
2035,sch.ir
2036,utsunomiya.tochigi.jp
2037,wakayama.jp
2038,web.lk
2039,blogspot.co.nz
2040,blogspot.ie
2041,blogspot.no
2042,brasilia.me
2043,cc.tx.us
2044,co.pl
2045,com.bb
2046,com.bs
2047,com.bt
2048,dd-dns.de
2049,furniture
2050,gen.in
2051,gov.rw
2052,gov.zm
2053,jdevcloud.com
2054,kochi.jp
2055,le.it
2056,lib.mi.us
2057,media.pl
2058,mil.ru
2059,msk.su
2060,nagasaki.jp
2061,name.tr
2062,neustar
2063,org.ae
2064,org.gt
2065,oslo.no
2066,pi.it
2067,rehab
2068,rn.gov.br
2069,siena.it
2070,soccer
2071,tsk.tr
2072,xn--55qx5d
2073,xn--tckwe
2074,za.com
2075,av.it
2076,brussels
2077,cars
2078,cc.ia.us
2079,claims
2080,cloudns.cc
2081,co.gg
2082,contractors
2083,courses
2084,dnsup.net
2085,dscloud.biz
2086,elk.pl
2087,eun.eg
2088,from-dc.com
2089,gent
2090,gov.kg
2091,hachinohe.aomori.jp
2092,k12.ak.us
2093,lubin.pl
2094,lutsk.ua
2095,molise.it
2096,nerdpol.ovh
2097,notaires.fr
2098,office-on-the.net
2099,org.al
2100,org.lv
2101,org.pa
2102,ppg.br
2103,qualifioapp.com
2104,s3.dualstack.eu-central-1.amazonaws.com
2105,sapporo.jp
2106,singles
2107,soy
2108,ss.it
2109,weber
2110,arakawa.tokyo.jp
2111,blogspot.be
2112,blogspot.ch
2113,casacam.net
2114,cern
2115,ci.it
2116,cloudaccess.host
2117,durban
2118,dvag
2119,dyndns-home.com
2120,ebiz.tw
2121,experts-comptables.fr
2122,far.br
2123,fuji.shizuoka.jp
2124,g.vbrplsbx.io
2125,go.it
2126,gov.ky
2127,gov.zw
2128,homelinux.com
2129,hotmail
2130,idf.il
2131,info.tr
2132,intel
2133,investments
2134,jnj
2135,k12.ne.us
2136,k12.nv.us
2137,kred
2138,kyoto
2139,map
2140,mil.uy
2141,pg.it
2142,podlasie.pl
2143,property
2144,rio.br
2145,sassari.it
2146,sendai.jp
2147,shiksha
2148,si.it
2149,sosnowiec.pl
2150,webhosting.be
2151,xn--j6w193g
2152,ag.it
2153,agrinet.tn
2154,am.gov.br
2155,b.br
2156,bargains
2157,calabria.it
2158,campania.it
2159,cc.il.us
2160,ce.it
2161,comcast
2162,diamonds
2163,dyndns-remote.com
2164,edu.kz
2165,edu.mt
2166,foo
2167,gov.mr
2168,gripe
2169,hospital
2170,ikawa.akita.jp
2171,kicks-ass.org
2172,luxe
2173,mr.no
2174,myiphost.com
2175,nanjo.okinawa.jp
2176,net.pa
2177,net.uy
2178,nov.ru
2179,now
2180,pri.ee
2181,priv.no
2182,quipelements.com
2183,slask.pl
2184,suwalki.pl
2185,thruhere.net
2186,voyage
2187,xn--3ds443g
2188,611.to
2189,anz
2190,art.museum
2191,avocat.fr
2192,blogsite.org
2193,bn.it
2194,ceo
2195,co.network
2196,com.cm
2197,com.dz
2198,compute.amazonaws.com
2199,cooking
2200,ddnss.de
2201,dell
2202,edu.mv
2203,emp.br
2204,fortal.br
2205,fr.it
2206,gop
2207,gov.iq
2208,gs.cn
2209,hiratsuka.kanagawa.jp
2210,hockey
2211,info.hu
2212,jaworzno.pl
2213,lib.or.us
2214,mex.com
2215,mil.ae
2216,n4t.co
2217,naklo.pl
2218,noip.us
2219,org.bt
2220,org.hn
2221,org.ni
2222,org.rw
2223,org.sz
2224,oz
2225,pc.it
2226,poa.br
2227,point2this.com
2228,riik.ee
2229,rm.it
2230,sampa.br
2231,sardegna.it
2232,soka.saitama.jp
2233,taa.it
2234,tcp4.me
2235,um.gov.pl
2236,villas
2237,vt.it
2238,website.yandexcloud.net
2239,wlocl.pl
2240,wloclawek.pl
2241,xn--54b7fta0cc
2242,alsace
2243,aq.it
2244,axa
2245,blackfriday
2246,blogspot.com.co
2247,blogspot.dk
2248,busan.kr
2249,bytom.pl
2250,cc.tn.us
2251,charity
2252,ciscofreak.com
2253,co.je
2254,co.nl
2255,cologne
2256,com.lc
2257,com.vu
2258,day
2259,dnsfor.me
2260,does-it.net
2261,edu.tt
2262,eidskog.no
2263,gov.gi
2264,gsm.pl
2265,he.cn
2266,id.lv
2267,is.it
2268,jor.br
2269,k12.ks.us
2270,k12.ky.us
2271,kagawa.jp
2272,kherson.ua
2273,kyiv.ua
2274,lib.wi.us
2275,lodi.it
2276,lpusercontent.com
2277,mielec.pl
2278,mil.jo
2279,my-wan.de
2280,myasustor.com
2281,net-freaks.com
2282,net.ir
2283,net.ki
2284,net.sy
2285,net.ws
2286,or.it
2287,org.ge
2288,org.sy
2289,pc.pl
2290,podzone.org
2291,rugby
2292,schule
2293,shiga.jp
2294,shirahama.wakayama.jp
2295,tienda
2296,uber.space
2297,web.pk
2298,xn--6frz82g
2299,a.prod.fastly.net
2300,ac.gov.br
2301,ac.mu
2302,apigee.io
2303,at.it
2304,bi.it
2305,blogspot.co.at
2306,blogspot.co.il
2307,bodo.no
2308,bolzano.it
2309,bom
2310,cc.or.us
2311,cdn77-ssl.net
2312,cloudns.org
2313,co.mw
2314,co.no
2315,como.it
2316,compute-1.amazonaws.com
2317,coop.py
2318,cpa
2319,dsmynas.com
2320,edu.la
2321,edu.ly
2322,fc.it
2323,fg.it
2324,fishing
2325,flowers
2326,game-server.cc
2327,gen.mi.us
2328,gniezno.pl
2329,gouv.bj
2330,gov.gy
2331,gov.ws
2332,hopto.me
2333,ikeda.osaka.jp
2334,info.ve
2335,jcb
2336,jll
2337,k12.il
2338,k12.me.us
2339,koshimizu.hokkaido.jp
2340,lib.de.us
2341,lib.ny.us
2342,limo
2343,lomza.pl
2344,lug.org.uk
2345,malopolska.pl
2346,med.pl
2347,meguro.tokyo.jp
2348,minakami.gunma.jp
2349,miyako.iwate.jp
2350,name.my
2351,net.ng
2352,nieruchomosci.pl
2353,nysa.pl
2354,org.sv
2355,pgafan.net
2356,potenza.it
2357,rec.br
2358,rg.it
2359,rovno.ua
2360,s3.dualstack.ap-southeast-2.amazonaws.com
2361,sasayama.hyogo.jp
2362,sc.cn
2363,serveftp.net
2364,shimada.shizuoka.jp
2365,sina
2366,spdns.eu
2367,stufftoread.com
2368,tas.edu.au
2369,tm.ro
2370,trading
2371,tsunan.niigata.jp
2372,us-3.evennode.com
2373,uzhgorod.ua
2374,xn--6qq986b3xl
2375,xn--80aswg
2376,xn--czru2d
2377,xn--d1acj3b
2378,accountants
2379,airforce
2380,akune.kagoshima.jp
2381,aosta.it
2382,ar.it
2383,attorney
2384,cba
2385,ch.it
2386,cleaning
2387,cloud.goog
2388,country
2389,cruises
2390,doomdns.com
2391,edu.al
2392,edu.bt
2393,edu.za
2394,eu.int
2395,fm.br
2396,ge.it
2397,gob.hn
2398,gujo.gifu.jp
2399,hiranai.aomori.jp
2400,homeftp.net
2401,ing
2402,is-a-geek.net
2403,ise.mie.jp
2404,izunokuni.shizuoka.jp
2405,jewelry
2406,kumenan.okayama.jp
2407,lib.ar.us
2408,lib.la.us
2409,lib.ma.us
2410,lib.wa.us
2411,lowicz.pl
2412,ltda
2413,malbork.pl
2414,mb.it
2415,mil.cl
2416,mil.pe
2417,miyazaki.jp
2418,myfirewall.org
2419,nakatsugawa.gifu.jp
2420,nom.br
2421,nom.es
2422,obuse.nagano.jp
2423,of.by
2424,ong.br
2425,osaka
2426,oyabe.toyama.jp
2427,pomorze.pl
2428,ponpes.id
2429,s3-website.ca-central-1.amazonaws.com
2430,s3.dualstack.ap-northeast-2.amazonaws.com
2431,smart
2432,sopot.pl
2433,sp.it
2434,sp.leg.br
2435,spot
2436,stargard.pl
2437,szkola.pl
2438,takayama.nagano.jp
2439,taobao
2440,townnews-staging.com
2441,travel.pl
2442,vodka
2443,walbrzych.pl
2444,webhop.info
2445,wpdevcloud.com
2446,xn--fiq228c5hs
2447,xn--o3cw4h
2448,yachimata.chiba.jp
2449,alt.za
2450,android
2451,ap.it
2452,arab
2453,biella.it
2454,blogspot.bg
2455,blogspot.cz
2456,blogspot.hr
2457,bozen.it
2458,cc.nm.us
2459,cc.ny.us
2460,cc.ua
2461,com.tm
2462,def.br
2463,dvrcam.info
2464,edu.bs
2465,edu.ky
2466,edu.sd
2467,edunet.tn
2468,florist
2469,fly.dev
2470,for-better.biz
2471,fot.br
2472,fukuyama.hiroshima.jp
2473,got
2474,gov.kn
2475,gov.mg
2476,gov.pr
2477,guitars
2478,hamamatsu.shizuoka.jp
2479,hiraizumi.iwate.jp
2480,istmein.de
2481,it.ao
2482,kanra.gunma.jp
2483,komatsu
2484,kuji.iwate.jp
2485,lc.it
2486,lecco.it
2487,lib.mo.us
2488,lib.ms.us
2489,memorial
2490,mitsuke.niigata.jp
2491,museum.no
2492,nagoya.jp
2493,net.kg
2494,niihama.ehime.jp
2495,no.it
2496,nom.co
2497,now-dns.net
2498,org.gh
2499,org.ws
2500,ostrowwlkp.pl
2501,ozu.ehime.jp
2502,pe.it
2503,psc.br
2504,rn.it
2505,ryukyu
2506,s3.dualstack.sa-east-1.amazonaws.com
2507,saga.saga.jp
2508,sch.ng
2509,se.net
2510,selfip.org
2511,sells-it.net
2512,square7.ch
2513,tatsuno.hyogo.jp
2514,tennis
2515,tmp.br
2516,toyama.toyama.jp
2517,twmail.org
2518,verona.it
2519,vf.no
2520,vinnica.ua
2521,vlaanderen
2522,webhop.biz
2523,wios.gov.pl
2524,yachiyo.chiba.jp
2525,yao.osaka.jp
2526,yn.cn
2527,za.org
2528,zentsuji.kagawa.jp
2529,zero
2530,abashiri.hokkaido.jp
2531,abruzzo.it
2532,basketball
2533,bedzin.pl
2534,beep.pl
2535,bhz.br
2536,blogdns.com
2537,blogspot.ba
2538,blogspot.co.za
2539,blogspot.sk
2540,br.it
2541,cal
2542,cloudns.pro
2543,co.cl
2544,co.ni
2545,curitiba.br
2546,dedyn.io
2547,dni.us
2548,dnsupdate.info
2549,dyn
2550,dyndns-mail.com
2551,edu.me
2552,edu.mg
2553,edu.ml
2554,enterprisecloud.nu
2555,es.kr
2556,firewall-gateway.de
2557,from-id.com
2558,from-mo.com
2559,from.hr
2560,glogow.pl
2561,gmina.pl
2562,gorizia.it
2563,gorlice.pl
2564,gov.lc
2565,gov.ly
2566,gov.so
2567,hakodate.hokkaido.jp
2568,hakui.ishikawa.jp
2569,hiv
2570,hot
2571,ibaraki.ibaraki.jp
2572,ice
2573,iiyama.nagano.jp
2574,ikano
2575,ikata.ehime.jp
2576,is-a-geek.com
2577,itoigawa.niigata.jp
2578,izumo.shimane.jp
2579,kakamigahara.gifu.jp
2580,kasaoka.okayama.jp
2581,kitakyushu.jp
2582,kobe.jp
2583,konin.pl
2584,kumejima.okinawa.jp
2585,lease
2586,leitungsen.de
2587,li.it
2588,lib.me.us
2589,lib.nc.us
2590,lucca.it
2591,mail.pl
2592,mantova.it
2593,med.ec
2594,messina.it
2595,meteorapp.com
2596,mielno.pl
2597,mil.lv
2598,misconfused.org
2599,moi
2600,ms.kr
2601,napoli.it
2602,net.bt
2603,nishiizu.shizuoka.jp
2604,open
2605,orange
2606,org.hu
2607,org.im
2608,org.je
2609,ostroleka.pl
2610,otaki.nagano.jp
2611,pictet
2612,pisa.it
2613,plumbing
2614,prd.fr
2615,protection
2616,rieti.it
2617,rikuzentakata.iwate.jp
2618,ro.it
2619,samsung
2620,sandvik
2621,sarl
2622,sayama.saitama.jp
2623,servebbs.org
2624,shw.io
2625,space-to-rent.com
2626,sr.it
2627,statefarm
2628,swidnica.pl
2629,taiki.hokkaido.jp
2630,tgory.pl
2631,toda.saitama.jp
2632,tokamachi.niigata.jp
2633,toray
2634,toyota.aichi.jp
2635,tui
2636,tv.tr
2637,twmail.net
2638,ulsan.kr
2639,vercelli.it
2640,viajes
2641,vicenza.it
2642,vlog.br
2643,wielun.pl
2644,xen.prgmr.com
2645,xn--hxt814e
2646,xn--l1acc
2647,xn--mk1bu44c
2648,ac.me
2649,amagasaki.hyogo.jp
2650,anamizu.ishikawa.jp
2651,apartments
2652,asago.hyogo.jp
2653,barclaycard
2654,bbs.tr
2655,bieszczady.pl
2656,blogspot.ae
2657,blogspot.pe
2658,blogspot.rs
2659,book
2660,call
2661,case
2662,cb.it
2663,cfa
2664,chikushino.fukuoka.jp
2665,chitose.hokkaido.jp
2666,chofu.tokyo.jp
2667,christmas
2668,cieszyn.pl
2669,co.cz
2670,com.kg
2671,com.uz
2672,damnserver.com
2673,doomdns.org
2674,dweb.link
2675,edu.bb
2676,edu.dz
2677,edu.lv
2678,fedex
2679,floripa.br
2680,forgot.his.name
2681,gb.com
2682,geometre-expert.fr
2683,gob.pk
2684,gose.nara.jp
2685,gouv.ht
2686,gouv.ml
2687,gov.ms
2688,gov.sc
2689,gov.sh
2690,gov.sl
2691,hidaka.hokkaido.jp
2692,higashiomi.shiga.jp
2693,hiji.oita.jp
2694,homeunix.net
2695,ikeda.fukui.jp
2696,immobilien
2697,ind.tn
2698,isernia.it
2699,izu.shizuoka.jp
2700,izumisano.osaka.jp
2701,kalisz.pl
2702,kashiwa.chiba.jp
2703,katashina.gunma.jp
2704,klodzko.pl
2705,komoro.nagano.jp
2706,lapy.pl
2707,latina.it
2708,lib.ga.us
2709,like
2710,madrid
2711,mango
2712,matsusaka.mie.jp
2713,minamiboso.chiba.jp
2714,mishima.shizuoka.jp
2715,miyazu.kyoto.jp
2716,miyoshi.hiroshima.jp
2717,modena.it
2718,mov
2719,my-firewall.org
2720,nagai.yamagata.jp
2721,name.ng
2722,nanao.ishikawa.jp
2723,nemuro.hokkaido.jp
2724,net.cy
2725,net.ge
2726,net.lv
2727,nym.tw
2728,ohira.miyagi.jp
2729,ohtawara.tochigi.jp
2730,on-web.fr
2731,org.bw
2732,parliament.nz
2733,parma.it
2734,pavia.it
2735,piacenza.it
2736,pin
2737,po.it
2738,pordenone.it
2739,quicksytes.com
2740,read
2741,repl.run
2742,rio
2743,safe
2744,sakai.osaka.jp
2745,sc.kr
2746,sch.lk
2747,select
2748,semboku.akita.jp
2749,servebbs.com
2750,servep2p.com
2751,shirakawa.fukushima.jp
2752,shiriuchi.hokkaido.jp
2753,shiwa.iwate.jp
2754,skype
2755,sm.ua
2756,song
2757,statebank
2758,sucks
2759,susono.shizuoka.jp
2760,sv.it
2761,swiebodzin.pl
2762,tara.saga.jp
2763,taranto.it
2764,tatebayashi.gunma.jp
2765,tsuruoka.yamagata.jp
2766,usa.oita.jp
2767,ushiku.ibaraki.jp
2768,web.ve
2769,wodzislaw.pl
2770,xn--3e0b707e
2771,xn--55qx5d.xn--j6w193g
2772,xn--g2xx48c
2773,yokosuka.kanagawa.jp
2774,ac.im
2775,advisor.ws
2776,afl
2777,aizuwakamatsu.fukushima.jp
2778,alibaba
2779,analytics
2780,arendal.no
2781,asso.nc
2782,atami.shizuoka.jp
2783,balena-devices.com
2784,bbc
2785,biz.pk
2786,blogdns.org
2787,blogspot.cl
2788,blogspot.com.ng
2789,blogspot.qa
2790,booking
2791,broker
2792,bugatti
2793,career
2794,caxias.br
2795,cc.fl.us
2796,cc.mi.us
2797,cc.ok.us
2798,co.place
2799,condos
2800,crd.co
2801,creditcard
2802,cuneo.it
2803,daito.osaka.jp
2804,dc.us
2805,diskstation.org
2806,dynalias.org
2807,dyndns-at-home.com
2808,dyndns-web.com
2809,edogawa.tokyo.jp
2810,edu.hn
2811,edu.kg
2812,edu.sy
2813,ericsson
2814,familyds.net
2815,fhs.no
2816,firmdale
2817,free
2818,from-or.com
2819,fuchu.tokyo.jp
2820,furudono.fukushima.jp
2821,fylkesbibl.no
2822,gets-it.net
2823,gifu.gifu.jp
2824,gov.cm
2825,gov.ml
2826,grosseto.it
2827,hatsukaichi.hiroshima.jp
2828,hicam.net
2829,himeji.hyogo.jp
2830,hisamitsu
2831,history.museum
2832,hita.oita.jp
2833,hu.net
2834,i2p
2835,in-vpn.de
2836,insurance
2837,intuit
2838,is-a-chef.com
2839,is-a-doctor.com
2840,is-a-geek.org
2841,is-a-linux-user.org
2842,isa-geek.org
2843,isahaya.nagasaki.jp
2844,ismaili
2845,itami.hyogo.jp
2846,joy
2847,k12.ec
2848,kameyama.mie.jp
2849,kawasaki.jp
2850,knowsitall.info
2851,kokubunji.tokyo.jp
2852,komagane.nagano.jp
2853,kr.it
2854,kutno.pl
2855,kyonan.chiba.jp
2856,landrover
2857,law.za
2858,legnica.pl
2859,lego
2860,lib.ak.us
2861,lib.al.us
2862,lib.az.us
2863,lilly
2864,loseyourip.com
2865,lt.it
2866,masaki.ehime.jp
2867,mazury.pl
2868,mc.it
2869,minato.tokyo.jp
2870,mircloud.host
2871,miyazaki.miyazaki.jp
2872,mo.cn
2873,ms.it
2874,myshopblocks.com
2875,nagano.nagano.jp
2876,net.la
2877,net.ml
2878,nishio.aichi.jp
2879,nl.no
2880,nym.pt
2881,obihiro.hokkaido.jp
2882,oguni.yamagata.jp
2883,ono.hyogo.jp
2884,opencraft.hosting
2885,org.et
2886,org.ls
2887,org.mv
2888,org.mw
2889,org.tm
2890,oyama.tochigi.jp
2891,pay
2892,physio
2893,pointto.us
2894,priv.pl
2895,pu.it
2896,reise
2897,reit
2898,ro.leg.br
2899,rr.gov.br
2900,saka.hiroshima.jp
2901,save
2902,sbs
2903,sc.ke
2904,sch.sa
2905,schmidt
2906,sejny.pl
2907,serveftp.org
2908,sew
2909,so.it
2910,store.ro
2911,suita.osaka.jp
2912,sukumo.kochi.jp
2913,suzuki
2914,t.se
2915,taito.tokyo.jp
2916,takarazuka.hyogo.jp
2917,takayama.gifu.jp
2918,tarnobrzeg.pl
2919,tawaramoto.nara.jp
2920,terni.it
2921,theater
2922,tobetsu.hokkaido.jp
2923,tomakomai.hokkaido.jp
2924,tomi.nagano.jp
2925,toyooka.hyogo.jp
2926,tv.bo
2927,uchiko.ehime.jp
2928,ueda.nagano.jp
2929,ufcfan.org
2930,umbria.it
2931,urown.cloud
2932,vb.it
2933,vc.it
2934,vic.au
2935,vix.br
2936,volyn.ua
2937,workisboring.com
2938,xerox
2939,xn--9dbq2a
2940,xn--c1avg
2941,xn--vuq861b
2942,yaita.tochigi.jp
2943,yun
2944,zakopane.pl
2945,12hp.de
2946,abb
2947,abudhabi
2948,ac.rw
2949,ac.se
2950,ac.sz
2951,aco
2952,adachi.tokyo.jp
2953,adobeaemcloud.com
2954,agro.pl
2955,airtel
2956,ap.gov.pl
2957,atsugi.kanagawa.jp
2958,auto.pl
2959,azumino.nagano.jp
2960,bielawa.pl
2961,blogspot.am
2962,blogspot.co.ke
2963,blogspot.cv
2964,blogspot.mk
2965,blogspot.si
2966,blogspot.sn
2967,bnr.la
2968,boo
2969,bsb.br
2970,cc.ar.us
2971,cc.az.us
2972,cc.id.us
2973,cc.ks.us
2974,cc.mo.us
2975,chase
2976,chintai
2977,choshi.chiba.jp
2978,cistron.nl
2979,clubmed
2980,co.dk
2981,com.ci
2982,com.cw
2983,com.mu
2984,com.so
2985,cpa.pro
2986,creditunion
2987,cuisinella
2988,daegu.kr
2989,daisen.akita.jp
2990,ddnslive.com
2991,definima.net
2992,deloitte
2993,dh.bytemark.co.uk
2994,docs
2995,dyn-vpn.de
2996,dyndns-at-work.com
2997,dyndns-work.com
2998,ebina.kanagawa.jp
2999,edu.bz
3000,edu.ge
3001,education.tas.edu.au
3002,emr.it
3003,en.it
3004,ens.tn
3005,esq
3006,eu-2.evennode.com
3007,fbxos.fr
3008,fly
3009,ford
3010,from-de.com
3011,fujieda.shizuoka.jp
3012,futtsu.chiba.jp
3013,gives
3014,gov.gn
3015,gov.lt
3016,gr.com
3017,hanamaki.iwate.jp
3018,health.vn
3019,here-for-more.info
3020,ichihara.chiba.jp
3021,ilawa.pl
3022,int.ru
3023,intl.tn
3024,ishikawa.fukushima.jp
3025,jampa.br
3026,k12.dc.us
3027,karpacz.pl
3028,kashiwara.osaka.jp
3029,kasumigaura.ibaraki.jp
3030,kaszuby.pl
3031,kawanishi.hyogo.jp
3032,kikugawa.shizuoka.jp
3033,kitakami.iwate.jp
3034,komatsu.ishikawa.jp
3035,kurobe.toyama.jp
3036,lib.co.us
3037,lib.ct.us
3038,lib.fl.us
3039,lib.ks.us
3040,likescandy.com
3041,lo.it
3042,maison
3043,matsudo.chiba.jp
3044,metlife
3045,mg.leg.br
3046,micro
3047,mil.by
3048,mil.nz
3049,mil.ve
3050,mil.za
3051,mil.zm
3052,mma
3053,mobara.chiba.jp
3054,mragowo.pl
3055,msd
3056,muko.kyoto.jp
3057,mydissent.net
3058,myeffect.net
3059,myhome-server.de
3060,mypep.link
3061,mypets.ws
3062,mysecuritycamera.com
3063,nab
3064,nago.okinawa.jp
3065,naka.hiroshima.jp
3066,nanto.toyama.jp
3067,nayoro.hokkaido.jp
3068,nba
3069,ne.tz
3070,neat-url.com
3071,nec
3072,nerima.tokyo.jp
3073,net.mo
3074,net.nr
3075,net.to
3076,nis.za
3077,ntr.br
3078,nu.it
3079,obi
3080,ojiya.niigata.jp
3081,omachi.nagano.jp
3082,on-aptible.com
3083,opoczno.pl
3084,ora.gunma.jp
3085,oracle
3086,org.lr
3087,org.om
3088,org.so
3089,oss
3090,ota.tokyo.jp
3091,otake.hiroshima.jp
3092,pid
3093,ping
3094,po.gov.pl
3095,powiat.pl
3096,qh.cn
3097,qld.au
3098,radio.br
3099,read-books.org
3100,republican
3101,rivne.ua
3102,rj.leg.br
3103,rl.no
3104,rwe
3105,s3-eu-west-3.amazonaws.com
3106,salerno.it
3107,sandcats.io
3108,sandefjord.no
3109,sanok.pl
3110,sca
3111,sch.ae
3112,seat
3113,selfip.info
3114,sener
3115,ses
3116,shari.hokkaido.jp
3117,shikokuchuo.ehime.jp
3118,shinagawa.tokyo.jp
3119,shinkamigoto.nagasaki.jp
3120,shioya.tochigi.jp
3121,shop.pl
3122,sicily.it
3123,sjc.br
3124,sport.hu
3125,stackhero-network.com
3126,star
3127,stat.no
3128,sth.ac.at
3129,stockholm
3130,synology-ds.de
3131,takahashi.okayama.jp
3132,takatsuki.osaka.jp
3133,togo.aichi.jp
3134,toolforge.org
3135,tr.it
3136,trafficplex.cloud
3137,trento.it
3138,trycloudflare.com
3139,tula.su
3140,tvs
3141,ups
3142,urakawa.hokkaido.jp
3143,us-gov-west-1.elasticbeanstalk.com
3144,ustka.pl
3145,vapor.cloud
3146,versicherung
3147,virtualserver.io
3148,vm.bytemark.co.uk
3149,vpnplus.to
3150,web.za
3151,windows
3152,xn--90ae
3153,xn--mgberp4a5d4ar
3154,xn--ngbc5azd
3155,xn--qxam
3156,xn--vhquv
3157,yamaguchi.jp
3158,yokohama.jp
3159,zara
3160,zgorzelec.pl
3161,32-b.it
3162,a.se
3163,abogado
3164,ac.zm
3165,africa.com
3166,aig
3167,akita.akita.jp
3168,al.leg.br
3169,alessandria.it
3170,anjo.aichi.jp
3171,aol
3172,aomori.aomori.jp
3173,apps.lair.io
3174,arezzo.it
3175,art.dz
3176,asahikawa.hokkaido.jp
3177,asso.ci
3178,avellino.it
3179,basicserver.io
3180,bcn
3181,bd.se
3182,benevento.it
3183,beskidy.pl
3184,bio.br
3185,blogspot.com.ee
3186,blogspot.com.eg
3187,blogspot.com.mt
3188,blogspot.com.uy
3189,blogspot.is
3190,blogspot.li
3191,blogspot.ug
3192,blogsyte.com
3193,bloomberg
3194,bmoattachments.org
3195,boleslawiec.pl
3196,boxfuse.io
3197,bungotakada.oita.jp
3198,bunkyo.tokyo.jp
3199,buy
3200,cable-modem.org
3201,cagliari.it
3202,catania.it
3203,cc.ga.us
3204,cc.oh.us
3205,cechire.com
3206,cfd
3207,cherkassy.ua
3208,chieti.it
3209,chigasaki.kanagawa.jp
3210,chiyoda.tokyo.jp
3211,cloudns.info
3212,codespot.com
3213,com.lv
3214,com.re
3215,com.sc
3216,com.ug
3217,com.ws
3218,communications.museum
3219,contagem.br
3220,cosenza.it
3221,customer.speedpartner.de
3222,cz.it
3223,czeladz.pl
3224,dad
3225,delta
3226,democrat
3227,dnsdojo.com
3228,dnsdojo.net
3229,dontexist.com
3230,dontexist.org
3231,dot
3232,draydns.de
3233,drive
3234,dsmynas.org
3235,dyndns-free.com
3236,dyndns-wiki.com
3237,eat
3238,eating-organic.net
3239,edu.gi
3240,edu.sc
3241,edu.sl
3242,edu.zm
3243,eng.pro
3244,fage
3245,familyds.org
3246,fantasyleague.cc
3247,fast
3248,firewall-gateway.net
3249,flir
3250,for-our.info
3251,from-ak.com
3252,from-co.net
3253,frosinone.it
3254,fujinomiya.shizuoka.jp
3255,fukui.fukui.jp
3256,funagata.yamagata.jp
3257,furukawa.miyagi.jp
3258,game-host.org
3259,gangwon.kr
3260,giske.no
3261,globo
3262,gmo
3263,gok.pk
3264,gov.bz
3265,gov.ee
3266,gov.lr
3267,gov.ls
3268,gov.mw
3269,gov.nc.tr
3270,gov.vc
3271,greta.fr
3272,gs.hl.no
3273,gs.vf.no
3274,hachioji.tokyo.jp
3275,hakata.fukuoka.jp
3276,half.host
3277,hamura.tokyo.jp
3278,hbo
3279,hirado.nagasaki.jp
3280,hirakata.osaka.jp
3281,hitachi
3282,hl.no
3283,hobby-site.org
3284,home.dyndns.org
3285,i.ph
3286,ibaraki.osaka.jp
3287,ichikawa.chiba.jp
3288,id.ir
3289,ifm
3290,iijima.nagano.jp
3291,imari.saga.jp
3292,inabe.mie.jp
3293,inawashiro.fukushima.jp
3294,inf.ua
3295,info.ro
3296,is-an-actor.com
3297,is-by.us
3298,is-leet.com
3299,is-saved.org
3300,itabashi.tokyo.jp
3301,itau
3302,itoman.okinawa.jp
3303,iwaki.fukushima.jp
3304,iwi.nz
3305,izumi.osaka.jp
3306,jls-sto1.elastx.net
3307,juegos
3308,juniper
3309,kahoku.ishikawa.jp
3310,kamagaya.chiba.jp
3311,kamijima.ehime.jp
3312,kamikawa.saitama.jp
3313,kanazawa.ishikawa.jp
3314,kartuzy.pl
3315,karuizawa.nagano.jp
3316,katano.osaka.jp
3317,kawajima.saitama.jp
3318,kawakami.nagano.jp
3319,kg.kr
3320,kharkiv.ua
3321,kia
3322,kishiwada.osaka.jp
3323,kitamoto.saitama.jp
3324,kochi.kochi.jp
3325,kolobrzeg.pl
3326,koriyama.fukushima.jp
3327,kr.com
3328,kumano.hiroshima.jp
3329,kurashiki.okayama.jp
3330,lazio.it
3331,lcube-server.de
3332,lebork.pl
3333,lib.nv.us
3334,lib.ok.us
3335,lib.pa.us
3336,limanowa.pl
3337,lugansk.ua
3338,lukow.pl
3339,lundbeck
3340,maif
3341,marugame.kagawa.jp
3342,marumori.miyagi.jp
3343,mat.br
3344,matera.it
3345,mattel
3346,mazowsze.pl
3347,mihama.wakayama.jp
3348,mil.bo
3349,mil.do
3350,mil.gh
3351,mil.no
3352,mil.tr
3353,mincom.tn
3354,misasa.tottori.jp
3355,mit
3356,miyashiro.saitama.jp
3357,mizunami.gifu.jp
3358,mlbfan.org
3359,motorcycles
3360,mtr
3361,munakata.fukuoka.jp
3362,mw.gov.pl
3363,myoko.niigata.jp
3364,mypi.co
3365,mytuleap.com
3366,nagatoro.saitama.jp
3367,nakanoto.ishikawa.jp
3368,nakatombetsu.hokkaido.jp
3369,nc.tr
3370,net.bb
3371,net.eu.org
3372,net.jo
3373,net.kn
3374,netflix
3375,nexus
3376,niimi.okayama.jp
3377,nishinoshima.shimane.jp
3378,nom.cl
3379,novara.it
3380,nozawaonsen.nagano.jp
3381,nt.edu.au
3382,ntdll.top
3383,nym.me
3384,nym.mn
3385,nym.mx
3386,off.ai
3387,okutama.tokyo.jp
3388,olbiatempio.it
3389,olkusz.pl
3390,ome.tokyo.jp
3391,omuta.fukuoka.jp
3392,on-rio.io
3393,onomichi.hiroshima.jp
3394,org.bb
3395,org.ee
3396,org.kg
3397,org.kz
3398,org.lk
3399,org.ly
3400,org.ps
3401,ostroda.pl
3402,ostrowiec.pl
3403,ot.it
3404,ota.gunma.jp
3405,ott
3406,ozu.kumamoto.jp
3407,pe.leg.br
3408,pescara.it
3409,philips
3410,pioneer
3411,pnc
3412,podhale.pl
3413,poivron.org
3414,polkowice.pl
3415,prime
3416,przeworsk.pl
3417,pup.gov.pl
3418,qc.com
3419,ravendb.community
3420,rc.it
3421,reggio-calabria.it
3422,reliance
3423,ricoh
3424,rimini.it
3425,room
3426,rs.leg.br
3427,s3.dualstack.eu-west-2.amazonaws.com
3428,s5y.io
3429,safety
3430,sakaki.nagano.jp
3431,salvador.br
3432,sanofi
3433,sc.leg.br
3434,science.museum
3435,servebbs.net
3436,servegame.org
3437,seto.aichi.jp
3438,sf.no
3439,shaw
3440,shell
3441,shibuya.tokyo.jp
3442,shimizu.shizuoka.jp
3443,shimonoseki.yamaguchi.jp
3444,shintoku.hokkaido.jp
3445,shirakawa.gifu.jp
3446,skien.no
3447,slz.br
3448,soc.srcf.net
3449,softbank
3450,sohu
3451,spa
3452,stc
3453,storage
3454,suedtirol.it
3455,suginami.tokyo.jp
3456,suli.hu
3457,sumoto.hyogo.jp
3458,surgery
3459,swinoujscie.pl
3460,ta.it
3461,tahara.aichi.jp
3462,takahama.aichi.jp
3463,takamatsu.kagawa.jp
3464,takashima.shiga.jp
3465,target
3466,tc.br
3467,tdk
3468,te.it
3469,tires
3470,tm.pl
3471,to.leg.br
3472,toba.mie.jp
3473,tohnosho.chiba.jp
3474,tokai.aichi.jp
3475,tokushima.tokushima.jp
3476,tomari.hokkaido.jp
3477,toon.ehime.jp
3478,toride.ibaraki.jp
3479,toshiba
3480,toshima.tokyo.jp
3481,tottori.tottori.jp
3482,tp.it
3483,trondheim.no
3484,tw.cn
3485,uonuma.niigata.jp
3486,urayasu.chiba.jp
3487,v.ua
3488,vladimir.ru
3489,voto
3490,vpndns.net
3491,wassamu.hokkaido.jp
3492,wed
3493,weibo
3494,williamhill
3495,winb.gov.pl
3496,xj.cn
3497,xn--55qx5d.cn
3498,xn--90a3ac
3499,xn--9krt00a
3500,xn--cck2b3b
3501,xn--h2brj9c
3502,xn--j1aef
3503,xn--mgbab2bd
3504,xn--rhqv96g
3505,xn--wgbl6a
3506,xs4all.space
3507,yasu.shiga.jp
3508,yokkaichi.mie.jp
3509,yokoze.saitama.jp
3510,yonezawa.yamagata.jp
3511,0emm.com
3512,16-b.it
3513,1kapp.com
3514,4lima.de
3515,abc.br
3516,ac.leg.br
3517,ac.ls
3518,aeg
3519,agrar.hu
3520,aikawa.kanagawa.jp
3521,aizubange.fukushima.jp
3522,aju.br
3523,akiruno.tokyo.jp
3524,al.eu.org
3525,alipay
3526,allfinanz
3527,alpha-myqnapcloud.com
3528,am.br
3529,amsw.nl
3530,anquan
3531,ap.leg.br
3532,armenia.su
3533,arte
3534,arts.ro
3535,asahi.toyama.jp
3536,ashgabad.su
3537,asker.no
3538,asso.bj
3539,asso.dz
3540,at-band-camp.net
3541,atm.pl
3542,audible
3543,auspost
3544,awdev.ca
3545,bashkiria.su
3546,bazar
3547,bbs
3548,bbt
3549,bbva
3550,be.eu.org
3551,beiarn.no
3552,belem.br
3553,belluno.it
3554,bentley
3555,beppu.oita.jp
3556,bestbuy
3557,better-than.tv
3558,biei.hokkaido.jp
3559,biz.at
3560,bl.it
3561,blogsite.xyz
3562,blogspot.al
3563,blogspot.com.by
3564,blogspot.com.cy
3565,blogspot.lt
3566,blogspot.lu
3567,blogspot.md
3568,bofa
3569,bolt.hu
3570,boomla.net
3571,bosch
3572,broke-it.net
3573,c.la
3574,campinas.br
3575,campobasso.it
3576,catanzaro.it
3577,cbn
3578,cc.ma.us
3579,cc.nj.us
3580,ceb
3581,cherkasy.ua
3582,chernigov.ua
3583,chikuhoku.nagano.jp
3584,chungbuk.kr
3585,chuo.tokyo.jp
3586,cim.br
3587,circle
3588,citi
3589,cleverapps.io
3590,cloudapps.digital
3591,co.business
3592,co.lc
3593,coastaldefence.museum
3594,coin
3595,collegefan.org
3596,com.gl
3597,com.io
3598,com.ki
3599,com.ml
3600,com.mw
3601,com.sn
3602,com.st
3603,com.tt
3604,compute.amazonaws.com.cn
3605,contact
3606,couchpotatofries.org
3607,cryptonomic.net
3608,cya.gg
3609,cyon.link
3610,database.museum
3611,ddnss.org
3612,dds
3613,dealer
3614,defense.tn
3615,demo.jelastic.com
3616,dev-myqnapcloud.com
3617,discover
3618,diskstation.eu
3619,ditchyourip.com
3620,diy
3621,dlugoleka.pl
3622,doesntexist.org
3623,dontexist.net
3624,dsmynas.net
3625,dtv
3626,duck
3627,dupont
3628,dyn-o-saur.com
3629,dynathome.net
3630,ed.ao
3631,edeka
3632,edu.bm
3633,edu.kn
3634,edu.pr
3635,eniwa.hokkaido.jp
3636,epson
3637,erni
3638,est-a-la-maison.com
3639,eu.meteorapp.com
3640,eurovision
3641,fermo.it
3642,feste-ip.net
3643,fhsk.se
3644,fidelity
3645,fie.ee
3646,filegear.me
3647,film.hu
3648,fnd.br
3649,for-the.biz
3650,for.one
3651,for.sale
3652,foz.br
3653,from-ca.com
3654,from-mt.com
3655,from-ne.com
3656,from-nh.com
3657,from-ok.com
3658,from-vt.com
3659,from-wa.com
3660,frontdoor
3661,ftpaccess.cc
3662,fuchu.hiroshima.jp
3663,fujimino.saitama.jp
3664,fujitsu
3665,fukuroi.shizuoka.jp
3666,funabashi.chiba.jp
3667,fur
3668,gamagori.aichi.jp
3669,gap
3670,gay
3671,gea
3672,geekgalaxy.com
3673,george
3674,gobo.wakayama.jp
3675,goiania.br
3676,golffan.us
3677,gotemba.shizuoka.jp
3678,goto.nagasaki.jp
3679,gotpantheon.com
3680,gov.ac
3681,gov.ec
3682,gov.gu
3683,gov.ki
3684,gov.kp
3685,grp.lk
3686,guardian
3687,gwangju.kr
3688,habikino.osaka.jp
3689,hadano.kanagawa.jp
3690,haga.tochigi.jp
3691,hagi.yamaguchi.jp
3692,hair
3693,hakuba.nagano.jp
3694,ham-radio-op.net
3695,harstad.no
3696,hashimoto.wakayama.jp
3697,health-carereform.com
3698,hekinan.aichi.jp
3699,hepforge.org
3700,heritage.museum
3701,hgtv
3702,higashiizu.shizuoka.jp
3703,higashimatsushima.miyagi.jp
3704,higashimurayama.tokyo.jp
3705,hirono.iwate.jp
3706,hiroo.hokkaido.jp
3707,hirosaki.aomori.jp
3708,hkt
3709,hobby-site.com
3710,hokuto.yamanashi.jp
3711,homeftp.org
3712,homesecuritymac.com
3713,honbetsu.hokkaido.jp
3714,hosting-cluster.nl
3715,hotels
3716,hu.com
3717,hughes
3718,huissier-justice.fr
3719,hyuga.miyazaki.jp
3720,i.ng
3721,ibara.okayama.jp
3722,ichinomiya.aichi.jp
3723,ie.eu.org
3724,iida.nagano.jp
3725,ikeda.gifu.jp
3726,iki.nagasaki.jp
3727,ikoma.nara.jp
3728,im.it
3729,imizu.toyama.jp
3730,imperia.it
3731,inc.hk
3732,info.az
3733,info.ke
3734,info.tt
3735,ingatlan.hu
3736,inzai.chiba.jp
3737,ip6.arpa
3738,ipiranga
3739,is-a-chef.net
3740,is-a-lawyer.com
3741,is-a-nurse.com
3742,is-a-soxfan.org
3743,is-certified.com
3744,is-lost.org
3745,is-very-evil.org
3746,is-very-good.org
3747,isa-geek.com
3748,isa-hockeynut.com
3749,isa.us
3750,isesaki.gunma.jp
3751,isteingeek.de
3752,ito.shizuoka.jp
3753,its.me
3754,itv
3755,iwakura.aichi.jp
3756,iwamizawa.hokkaido.jp
3757,iwanuma.miyagi.jp
3758,iwata.shizuoka.jp
3759,jaguar
3760,jamison.museum
3761,jelenia-gora.pl
3762,jeonbuk.kr
3763,jmp
3764,joetsu.niigata.jp
3765,joinville.br
3766,joyo.kyoto.jp
3767,k.se
3768,kakegawa.shizuoka.jp
3769,kami.miyagi.jp
3770,kamigori.hyogo.jp
3771,kamiichi.toyama.jp
3772,kaminokawa.tochigi.jp
3773,kamisu.ibaraki.jp
3774,kani.gifu.jp
3775,kannami.shizuoka.jp
3776,kanuma.tochigi.jp
3777,kasugai.aichi.jp
3778,kasuya.fukuoka.jp
3779,kawagoe.saitama.jp
3780,kawaguchi.saitama.jp
3781,kawanehon.shizuoka.jp
3782,kawazu.shizuoka.jp
3783,kerrylogistics
3784,kerryproperties
3785,kfh
3786,kita.tokyo.jp
3787,kiyokawa.kanagawa.jp
3788,komae.tokyo.jp
3789,krasnik.pl
3790,kudoyama.wakayama.jp
3791,kunitachi.tokyo.jp
3792,kushiro.hokkaido.jp
3793,kutchan.hokkaido.jp
3794,kuwana.mie.jp
3795,lamborghini
3796,lancaster
3797,lanxess
3798,laquila.it
3799,larvik.no
3800,laspezia.it
3801,lds
3802,lecce.it
3803,lel.br
3804,lezajsk.pl
3805,lib.ee
3806,lib.ne.us
3807,lib.nh.us
3808,lib.nj.us
3809,linde
3810,locus
3811,loft
3812,logoip.de
3813,lolipop.io
3814,londrina.br
3815,lpl
3816,ltd.gi
3817,ltd.ua
3818,m.se
3819,maceio.br
3820,machida.tokyo.jp
3821,maebashi.gunma.jp
3822,makinohara.shizuoka.jp
3823,maserati
3824,mashiko.tochigi.jp
3825,matsumoto.nagano.jp
3826,matsuyama.ehime.jp
3827,matsuzaki.shizuoka.jp
3828,med.ee
3829,mibu.tochigi.jp
3830,mil.al
3831,mil.gt
3832,mil.hn
3833,mil.mz
3834,mil.ng
3835,mil.ni
3836,mil.py
3837,mimata.miyazaki.jp
3838,minamiawaji.hyogo.jp
3839,minamiizu.shizuoka.jp
3840,minamioguni.kumamoto.jp
3841,minamiuonuma.niigata.jp
3842,mini
3843,minoh.osaka.jp
3844,misawa.aomori.jp
3845,mitake.gifu.jp
3846,miyako.fukuoka.jp
3847,miyakonojo.miyazaki.jp
3848,miyoshi.saitama.jp
3849,monza.it
3850,monzabrianza.it
3851,morimachi.shizuoka.jp
3852,morioka.iwate.jp
3853,moto
3854,mozilla-iot.org
3855,mtn
3856,musashimurayama.tokyo.jp
3857,my-gateway.de
3858,my-router.de
3859,n.bg
3860,nabari.mie.jp
3861,nagaoka.niigata.jp
3862,nagareyama.chiba.jp
3863,nagasaki.nagasaki.jp
3864,naha.okinawa.jp
3865,nakano.nagano.jp
3866,nanporo.hokkaido.jp
3867,narita.chiba.jp
3868,naruto.tokushima.jp
3869,nationwide
3870,natori.miyagi.jp
3871,naturbruksgymn.se
3872,neo
3873,nesodden.no
3874,net.af
3875,net.az
3876,net.gn
3877,net.nf
3878,net.pt
3879,net.st
3880,net.vi
3881,net.zm
3882,netbank
3883,nextdirect
3884,neyagawa.osaka.jp
3885,nic.tj
3886,nic.za
3887,nichinan.tottori.jp
3888,niigata.niigata.jp
3889,nike
3890,nishiaizu.fukushima.jp
3891,nishihara.kumamoto.jp
3892,niteroi.br
3893,nl.eu.org
3894,no-ip.ca
3895,nobeoka.miyazaki.jp
3896,noda.chiba.jp
3897,nodebalancer.linode.com
3898,noho.st
3899,nom.ge
3900,nom.pl
3901,nom.si
3902,norton
3903,noticias.bo
3904,now-dns.org
3905,nt.ro
3906,numazu.shizuoka.jp
3907,nuoro.it
3908,nym.ie
3909,nym.kz
3910,nym.lt
3911,nym.nz
3912,nym.sk
3913,o.bg
3914,obu.aichi.jp
3915,odate.akita.jp
3916,official.academy
3917,ofunato.iwate.jp
3918,ogasawara.tokyo.jp
3919,ogawa.saitama.jp
3920,ohi.fukui.jp
3921,oita.oita.jp
3922,okawa.kochi.jp
3923,oketo.hokkaido.jp
3924,okinoshima.shimane.jp
3925,olawa.pl
3926,omaezaki.shizuoka.jp
3927,omega
3928,online.th
3929,ono.fukui.jp
3930,onyourside
3931,ooshika.nagano.jp
3932,org.az
3933,org.ba
3934,org.bn
3935,org.cu
3936,org.dz
3937,org.gg
3938,org.gy
3939,org.kp
3940,org.ky
3941,org.mn
3942,org.sl
3943,org.ug
3944,org.uz
3945,oristano.it
3946,oshu.iwate.jp
3947,otari.nagano.jp
3948,otsuka
3949,ozora.hokkaido.jp
3950,pa.leg.br
3951,palmas.br
3952,panasonic
3953,parliament.cy
3954,pccw
3955,penza.su
3956,pfizer
3957,phd
3958,piedmont.it
3959,pixolino.com
3960,pl.eu.org
3961,play
3962,pmn.it
3963,pohl
3964,politie
3965,pomorskie.pl
3966,potager.org
3967,pr.leg.br
3968,praxi
3969,press.ma
3970,prudential
3971,pub.sa
3972,pwc
3973,qvc
3974,ravenna.it
3975,rebun.hokkaido.jp
3976,red.sv
3977,riopreto.br
3978,ritto.shiga.jp
3979,rns.tn
3980,ro.im
3981,s3-website.eu-west-3.amazonaws.com
3982,s3.dualstack.ca-central-1.amazonaws.com
3983,s3.dualstack.eu-west-3.amazonaws.com
3984,saijo.ehime.jp
3985,saiki.oita.jp
3986,sakura
3987,sakura.chiba.jp
3988,sandvikcoromant
3989,sango.nara.jp
3990,sanjo.niigata.jp
3991,sas
3992,savona.it
3993,sc.ug
3994,schulserver.de
3995,scjohnson
3996,sebastopol.ua
3997,secure
3998,securitytactics.com
3999,setagaya.tokyo.jp
4000,sex.pl
4001,sfr
4002,shacknet.nu
4003,shibata.miyagi.jp
4004,shimoda.shizuoka.jp
4005,shinto.gunma.jp
4006,shiraoi.hokkaido.jp
4007,shop.hu
4008,simple-url.com
4009,smile
4010,snillfjord.no
4011,sochi.su
4012,soeda.fukuoka.jp
4013,soja.okayama.jp
4014,sondrio.it
4015,sorocaba.br
4016,sos.pl
4017,ssl.origin.cdn77-secure.org
4018,sukagawa.fukushima.jp
4019,sumida.tokyo.jp
4020,suzaka.nagano.jp
4021,suzuka.mie.jp
4022,syncloud.it
4023,synology-diskstation.de
4024,tab
4025,tagawa.fukuoka.jp
4026,taishi.hyogo.jp
4027,tajiri.osaka.jp
4028,takanezawa.tochigi.jp
4029,takasaki.gunma.jp
4030,takayama.gunma.jp
4031,taketomi.okinawa.jp
4032,takikawa.hokkaido.jp
4033,talk
4034,tama.tokyo.jp
4035,targi.pl
4036,tarui.gifu.jp
4037,tarumizu.kagoshima.jp
4038,tashkent.su
4039,tatamotors
4040,tateyama.chiba.jp
4041,tecnologia.bo
4042,tele.amune.org
4043,temasek
4044,temp-dns.com
4045,teramo.it
4046,teva
4047,thd
4048,the.br
4049,tjx
4050,toei.aichi.jp
4051,togitsu.nagasaki.jp
4052,tokoname.aichi.jp
4053,tokorozawa.saitama.jp
4054,tono.iwate.jp
4055,toyako.hokkaido.jp
4056,toyonaka.osaka.jp
4057,travelchannel
4058,trd.br
4059,treviso.it
4060,trv
4061,tsubame.niigata.jp
4062,tsushima.nagasaki.jp
4063,turek.pl
4064,turystyka.pl
4065,twmail.cc
4066,u.se
4067,ubank
4068,ube.yamaguchi.jp
4069,ubs
4070,udi.br
4071,udine.it
4072,ug.gov.pl
4073,uozu.toyama.jp
4074,user.srcf.net
4075,uwajima.ehime.jp
4076,vana
4077,veterinaire.fr
4078,vladimir.su
4079,volkswagen
4080,volvo
4081,vv.it
4082,wakayama.wakayama.jp
4083,walter
4084,warabi.saitama.jp
4085,weather
4086,whoswho
4087,wiki.br
4088,woodside
4089,wsa.gov.pl
4090,wtc
4091,xbox
4092,xn--42c2d9a
4093,xn--5su34j936bgsg
4094,xn--cg4bki
4095,xn--fiqz9s
4096,xn--hkkinen-5wa.fi
4097,xn--io0a7i.cn
4098,xn--jvr189m
4099,xn--kput3i
4100,xn--mgbaam7a8h
4101,xn--od0alg.cn
4102,xn--otu796d
4103,xn--q9jyb4c
4104,xn--uc0atv.xn--j6w193g
4105,xn--wcvs22d.xn--j6w193g
4106,xn--zfr164b
4107,xz.cn
4108,yachts
4109,yahaba.iwate.jp
4110,yaizu.shizuoka.jp
4111,yamagata.yamagata.jp
4112,yamanashi.jp
4113,yaotsu.gifu.jp
4114,yawata.kyoto.jp
4115,yono.saitama.jp
4116,yoshida.shizuoka.jp
4117,yoshikawa.saitama.jp
4118,yoshino.nara.jp
4119,z.se
4120,zhitomir.ua
4121,zushi.kanagawa.jp
