1,com
2,net
3,googleapis.com
4,org
5,io
6,cn
7,goog
8,co
9,vn
10,tv
11,me
12,ms
13,us
14,jp
15,s3.amazonaws.com
16,elb.amazonaws.com
17,ly
18,com.vn
19,sg
20,ru
21,info
22,uk
23,cloudapp.net
24,com.cn
25,co.uk
26,gov
27,us-east-1.amazonaws.com
28,fi
29,xyz
30,link
31,eu
32,online
33,map.fastly.net
34,cloud
35,de
36,mobi
37,asia
38,id
39,st
40,hk
41,it
42,news
43,ai
44,cc
45,appspot.com
46,th
47,app
48,my
49,azurewebsites.net
50,gg
51,in
52,com.hk
53,pl
54,to
55,co.th
56,ph
57,club
58,co.id
59,sa
60,co.jp
61,biz
62,com.my
63,be
64,ca
65,kr
66,im
67,fr
68,nl
69,tw
70,pw
71,site
72,tech
73,com.sg
74,video
75,edu
76,global.ssl.fastly.net
77,pro
78,org.cn
79,au
80,co.kr
81,network
82,githubusercontent.com
83,com.ph
84,com.au
85,com.tw
86,blogspot.com
87,ws
88,s3-us-west-2.amazonaws.com
89,tumblr.com
90,media
91,ch
92,support
93,ne.jp
94,house
95,s3-ap-southeast-1.amazonaws.com
96,top
97,mil
98,edu.cn
99,gl
100,es
101,br
102,sh
103,live
104,fm
105,google
106,com.br
107,se
108,co.in
109,nz
110,elasticbeanstalk.com
111,github.io
112,herokuapp.com
113,market
114,rsc.cdn77.org
115,cloudfunctions.net
116,mx
117,space
118,co.nz
119,arpa
120,s3.dualstack.ap-southeast-1.amazonaws.com
121,software
122,tk
123,pk
124,systems
125,am
126,in.th
127,net.id
128,withgoogle.com
129,net.vn
130,fun
131,at
132,la
133,co.za
134,dk
135,ie
136,cz
137,ro
138,gov.cn
139,name
140,zone
141,fastlylb.net
142,jobs
143,com.pk
144,ae
145,email
146,lu
147,com.mx
148,dev
149,pt
150,gov.vn
151,s3-eu-west-1.amazonaws.com
152,map.fastlylb.net
153,tr
154,no
155,ua
156,gov.hk
157,vc
158,dyndns.org
159,ar
160,gr
161,lt
162,bid
163,vip
164,sk
165,is
166,us-east-1.elasticbeanstalk.com
167,com.tr
168,pe
169,com.ar
170,re
171,edu.vn
172,cl
173,hu
174,ir
175,services
176,li
177,si
178,icu
179,qa
180,go.id
181,bd
182,s3-us-west-1.amazonaws.com
183,host
184,gt
185,apps.fbsbx.com
186,gle
187,games
188,su
189,ddns.net
190,casa
191,com.ua
192,ee
193,us-west-2.elasticbeanstalk.com
194,firebaseapp.com
195,go.th
196,s3.us-east-2.amazonaws.com
197,sc
198,net.cn
199,gov.my
200,life
201,nu
202,lk
203,bz
204,work
205,org.vn
206,website
207,ninja
208,so
209,win
210,chat
211,or.us
212,s3-ap-northeast-1.amazonaws.com
213,com.qa
214,one
215,org.uk
216,gov.sg
217,pub
218,today
219,stream
220,onion
221,ac.id
222,money
223,gov.br
224,store
225,by
226,ac.uk
227,ovh
228,int
229,world
230,shop
231,il
232,duckdns.org
233,best
234,com.pe
235,bg
236,rocks
237,click
238,bar
239,or.jp
240,net.au
241,googlecode.com
242,ac
243,net.uk
244,party
245,or.th
246,gov.tw
247,xxx
248,edu.hk
249,solutions
250,fyi
251,al
252,s3.ap-south-1.amazonaws.com
253,global
254,biz.id
255,com.co
256,studio
257,ga
258,kz
259,bnpparibas
260,ml
261,ac.th
262,cx
263,ec
264,co.il
265,page
266,uy
267,hn
268,rs
269,s3.eu-central-1.amazonaws.com
270,tc
271,ap-northeast-2.elasticbeanstalk.com
272,edu.tw
273,goip.de
274,cat
275,digital
276,tools
277,kg
278,agency
279,bradesco
280,com.uy
281,plus
282,eu.org
283,lv
284,trade
285,np
286,events
287,gov.au
288,org.hk
289,edu.sg
290,gov.uk
291,ac.jp
292,sale
293,edu.au
294,as
295,do
296,cf
297,hr
298,py
299,gov.ph
300,ad
301,cm
302,org.au
303,com.py
304,moe
305,web.id
306,frl
307,buzz
308,tl
309,org.tw
310,k12.or.us
311,kh
312,nhs.uk
313,guru
314,works
315,ad.jp
316,s3-external-1.amazonaws.com
317,edu.my
318,rest
319,elb.amazonaws.com.cn
320,wa.us
321,mu
322,md
323,download
324,gc.ca
325,ag
326,freetls.fastly.net
327,com.pl
328,ve
329,com.de
330,press
331,blog
332,gov.in
333,mm
334,sch.id
335,eu-west-1.elasticbeanstalk.com
336,coop
337,tn
338,men
339,aws
340,kw
341,ma
342,pm
343,technology
344,go.jp
345,group
346,watch
347,mn
348,or.id
349,ke
350,aero
351,ng
352,ltd
353,go.kr
354,gq
355,bh
356,onl
357,cr
358,mo
359,gd
360,applinzi.com
361,monster
362,sinaapp.com
363,wf
364,mt
365,cu
366,ca.us
367,com.sa
368,zw
369,net.tw
370,mp
371,my.id
372,photos
373,supply
374,ge
375,center
376,com.ru
377,co.zw
378,tt
379,pics
380,com.mt
381,az
382,gs
383,bn
384,jp.net
385,ac.cn
386,red
387,net.br
388,sch.uk
389,uz
390,co.ke
391,net.my
392,s3-website-us-east-1.amazonaws.com
393,org.ec
394,wixsite.com
395,com.kw
396,desi
397,net.nz
398,cool
399,management
400,uno
401,eg
402,netlify.app
403,team
404,org.br
405,delivery
406,ne
407,lg.jp
408,ki
409,art
410,on.ca
411,co.at
412,myqnapcloud.com
413,dhl
414,gov.pk
415,qc.ca
416,org.my
417,ab.ca
418,com.ec
419,ba
420,s3.dualstack.eu-west-1.amazonaws.com
421,com.ve
422,s3-ap-southeast-2.amazonaws.com
423,design
424,ug
425,gov.pl
426,mn.us
427,edu.pk
428,om
429,bo
430,s3.cn-north-1.amazonaws.com.cn
431,com.bz
432,bc.ca
433,com.bh
434,kasserver.com
435,mk
436,or.kr
437,herokussl.com
438,wiki
439,bi
440,ac.kr
441,mg
442,travel
443,com.do
444,cy
445,s3.dualstack.us-east-1.amazonaws.com
446,bank
447,ap-southeast-1.elasticbeanstalk.com
448,tj
449,com.bn
450,pantheonsite.io
451,help
452,homeip.net
453,date
454,jo
455,gov.tr
456,me.uk
457,org.ru
458,wang
459,run
460,sh.cn
461,net.pl
462,sv
463,org.sg
464,org.nz
465,members.linode.com
466,us-east-2.elasticbeanstalk.com
467,net.co
468,xn--p1ai
469,tz
470,com.gt
471,pa
472,readthedocs.io
473,net.sg
474,spb.ru
475,ooo
476,movie
477,business
478,mv
479,sytes.net
480,edu.ph
481,sb
482,tips
483,nic.in
484,ac.in
485,s3.eu-west-2.amazonaws.com
486,ci
487,net.pk
488,ap-northeast-1.elasticbeanstalk.com
489,com.ng
490,company
491,lpages.co
492,sx
493,com.eg
494,gov.il
495,com.cy
496,s3.ap-northeast-2.amazonaws.com
497,wtf
498,af
499,gob.mx
500,govt.nz
501,lb
502,rip
503,now.sh
504,tokyo
505,ink
506,blogspot.co.id
507,gv.at
508,oh.us
509,ed.jp
510,care
511,sap
512,fit
513,k12.wa.us
514,kozow.com
515,gov.mo
516,gov.ua
517,il.us
518,kommune.no
519,net.tr
520,dz
521,gov.ar
522,k12.ca.us
523,us.com
524,sn
525,net.ua
526,ps
527,tx.us
528,vic.gov.au
529,hopto.org
530,ni
531,com.es
532,guide
533,gov.ae
534,net.ar
535,co.cr
536,vg
537,ntt
538,ac.at
539,edu.pl
540,na
541,uk.com
542,co.tz
543,eu-central-1.elasticbeanstalk.com
544,mz
545,biz.vn
546,tm
547,gov.qa
548,com.sv
549,cam
550,nf
551,org.ar
552,bw
553,eu.com
554,meet
555,gov.sa
556,com.pa
557,yt
558,zapto.org
559,com.mo
560,service.gov.uk
561,ao
562,fj
563,game
564,city
565,com.gr
566,ddns.me
567,net.in
568,org.ua
569,workers.dev
570,sex
571,bingo
572,wi.us
573,gy
574,org.il
575,bm
576,pr
577,no-ip.org
578,gr.jp
579,net.hk
580,org.in
581,us-west-1.elasticbeanstalk.com
582,s3.ca-central-1.amazonaws.com
583,fl.us
584,porn
585,pg
586,org.za
587,zm
588,re.kr
589,nyc
590,k12.oh.us
591,bs
592,webcam
593,net.mx
594,qld.gov.au
595,synology.me
596,bet
597,org.tr
598,beer
599,a.ssl.fastly.net
600,a.run.app
601,gov.co
602,run.app
603,school
604,cd
605,com.bo
606,edu.tr
607,land
608,adv.br
609,nj.us
610,ac.ir
611,in-addr.arpa
612,in.ua
613,ht
614,co.hu
615,com.fj
616,health
617,s3-website.eu-central-1.amazonaws.com
618,mine.nu
619,cash
620,com.lb
621,lc
622,com.af
623,report
624,ma.us
625,com.ni
626,gh
627,je
628,mi.us
629,dm
630,mb.ca
631,net.il
632,web.app
633,gov.it
634,eus
635,gob.pe
636,bt
637,kiev.ua
638,vin
639,chrome
640,ia.us
641,org.pl
642,s3-us-east-2.amazonaws.com
643,dyndns.biz
644,co.ug
645,edu.ar
646,s3-website-us-west-2.amazonaws.com
647,gov.za
648,review
649,bio
650,ak.us
651,wa.gov.au
652,community
653,in.us
654,et
655,codes
656,ngrok.io
657,jm
658,k12.il.us
659,ny.us
660,ac.nz
661,id.us
662,ky
663,org.mx
664,blue
665,net.sa
666,com.mk
667,ren
668,co.ve
669,exchange
670,dattolocal.net
671,ind.br
672,js.org
673,org.pk
674,co.mz
675,police.uk
676,tj.cn
677,co.bw
678,ms.us
679,social
680,gdn
681,new
682,sk.ca
683,tube
684,ac.il
685,remotewd.com
686,bit
687,show
688,kinghost.net
689,gouv.fr
690,rw
691,co.ao
692,fan
693,bz.it
694,asn.au
695,canon
696,com.hn
697,pa.us
698,expert
699,edu.mx
700,vet
701,cv
702,altervista.org
703,bj
704,com.pr
705,ac.za
706,edu.br
707,mi.th
708,asso.fr
709,pf
710,law
711,onthewifi.com
712,tel
713,va.us
714,com.gh
715,id.au
716,idv.tw
717,lol
718,ac.be
719,c.cdn77.org
720,surf
721,gob.ar
722,racing
723,training
724,co.us
725,gov.ru
726,msk.ru
727,waw.pl
728,com.ge
729,dj
730,mc
731,no-ip.biz
732,nc
733,com.na
734,dnshome.de
735,gift
736,co.rs
737,love
738,edu.in
739,ga.us
740,tf
741,academy
742,co.zm
743,homelinux.net
744,net.ae
745,army
746,iq
747,nc.us
748,uni5.net
749,carrd.co
750,com.jo
751,com.tn
752,fvg.it
753,tax
754,farm
755,sm
756,dynu.net
757,vegas
758,here
759,net.za
760,net.ph
761,s3-website-eu-west-1.amazonaws.com
762,gob.es
763,science
764,edu.sa
765,ru.com
766,vic.edu.au
767,gifts
768,ath.cx
769,de.com
770,fo
771,res.in
772,style
773,edu.co
774,vu
775,audio
776,net.ve
777,co.ma
778,s3-website-ap-southeast-1.amazonaws.com
779,k12.mi.us
780,kpmg
781,nsw.edu.au
782,gi
783,k12.mn.us
784,lat
785,ar.us
786,wy.us
787,pn
788,com.cu
789,education
790,null
791,gitlab.io
792,rhcloud.com
793,gov.bn
794,loan
795,london
796,com.pt
797,cab
798,gob.ec
799,ind.in
800,cn-north-1.eb.amazonaws.com.cn
801,gov.lk
802,tokyo.jp
803,net.th
804,com.sh
805,or.at
806,kicks-ass.net
807,bf
808,wroc.pl
809,com.mv
810,dyndns.tv
811,box
812,fr.eu.org
813,s3-us-gov-west-1.amazonaws.com
814,sp.gov.br
815,gov.jo
816,in.net
817,direct
818,inf.br
819,kim
820,s3-eu-central-1.amazonaws.com
821,az.us
822,poznan.pl
823,org.ph
824,va
825,k12.pa.us
826,ls
827,com.om
828,ck
829,cn.com
830,coffee
831,hsbc
832,sony
833,mt.us
834,selfip.biz
835,bel.tr
836,church
837,mo.us
838,com.am
839,com.et
840,vi
841,blogspot.co.uk
842,k12.ia.us
843,express
844,cafe
845,ax
846,sy
847,dyndns.info
848,xin
849,ltd.uk
850,zp.ua
851,jus.br
852,blogspot.com.br
853,gov.ie
854,redirectme.net
855,k12.wi.us
856,museum
857,od.ua
858,we.bs
859,bike
860,gm
861,goo
862,nv.us
863,scot
864,uk.net
865,pink
866,s3-website-us-west-1.amazonaws.com
867,blogspot.in
868,gratis
869,bb
870,edu.mo
871,ce.gov.br
872,taipei
873,co.ls
874,k12.wy.us
875,legal
876,sl
877,blogspot.fr
878,careers
879,ok.us
880,blogspot.ca
881,gov.ng
882,hosting
883,international
884,cg
885,com.hr
886,gd.cn
887,pictures
888,ct.us
889,mw
890,wa.edu.au
891,eng.br
892,com.vc
893,s3-sa-east-1.amazonaws.com
894,amex
895,ap-southeast-2.elasticbeanstalk.com
896,blogspot.my
897,dp.ua
898,br.com
899,zip
900,blogspot.tw
901,bo.it
902,org.qa
903,k12.mo.us
904,blogspot.com.es
905,chambagri.fr
906,global.prod.fastly.net
907,gob.cl
908,ns.ca
909,tm.fr
910,gov.lv
911,kiwi
912,toscana.it
913,com.la
914,cw
915,no-ip.info
916,s3.eu-west-3.amazonaws.com
917,yandex
918,blackbaudcdn.net
919,dog
920,ut.us
921,md.us
922,pharmacy
923,k12.az.us
924,gob.ve
925,uberspace.de
926,edu.it
927,gov.om
928,net.lb
929,go.tz
930,golf
931,k12.in.us
932,myfritz.net
933,nr
934,k12.ar.us
935,marketing
936,psi.br
937,za.net
938,ac.lk
939,dn.ua
940,domains
941,fed.us
942,k12.ms.us
943,net.ru
944,cci.fr
945,gov.ma
946,s3-ap-south-1.amazonaws.com
947,tickets
948,leadpages.co
949,edu.ec
950,catholic.edu.au
951,edu.ua
952,mg.gov.br
953,pp.ua
954,la.us
955,ln.cn
956,myvnc.com
957,sd
958,gov.eg
959,info.vn
960,k12.nj.us
961,org.eg
962,saitama.jp
963,sr
964,gen.tr
965,k12.ny.us
966,mil.br
967,nh.us
968,rnu.tn
969,co.ir
970,llc
971,med.br
972,africa
973,com.ro
974,gob.pa
975,tuxfamily.org
976,gp
977,how
978,net.mv
979,gda.pl
980,info.pl
981,nico
982,sc.us
983,azure-mobile.net
984,earth
985,garden
986,k12.mt.us
987,al.us
988,nm.us
989,pet
990,build
991,k12.ga.us
992,tas.gov.au
993,nt.ca
994,photo
995,swiss
996,edu.pe
997,es.gov.br
998,k12.tr
999,sa.edu.au
1000,us.org
