1,com
2,net
3,googleapis.com
4,org
5,io
6,cn
7,goog
8,co
9,vn
10,tv
11,me
12,ms
13,us
14,jp
15,s3.amazonaws.com
16,elb.amazonaws.com
17,ly
18,com.vn
19,sg
20,ru
21,info
22,uk
23,cloudapp.net
24,com.cn
25,co.uk
26,gov
27,us-east-1.amazonaws.com
28,fi
29,xyz
30,link
31,eu
32,online
33,map.fastly.net
34,cloud
35,de
36,mobi
37,asia
38,id
39,st
40,hk
41,it
42,news
43,ai
44,cc
45,appspot.com
46,th
47,app
48,my
49,azurewebsites.net
50,gg
51,in
52,com.hk
53,pl
54,to
55,co.th
56,ph
57,club
58,co.id
59,sa
60,co.jp
61,biz
62,com.my
63,be
64,ca
65,kr
66,im
67,fr
68,nl
69,tw
70,pw
71,site
72,tech
73,com.sg
74,video
75,edu
76,global.ssl.fastly.net
77,pro
78,org.cn
79,au
80,co.kr
81,network
82,githubusercontent.com
83,com.ph
84,com.au
85,com.tw
86,blogspot.com
87,ws
88,s3-us-west-2.amazonaws.com
89,tumblr.com
90,media
91,ch
92,support
93,ne.jp
94,house
95,s3-ap-southeast-1.amazonaws.com
96,top
97,mil
98,edu.cn
99,gl
100,es
