1,google.com
2,microsoft.com
3,netflix.com
4,api-global.netflix.com
5,www.google.com
6,data.microsoft.com
7,windowsupdate.com
8,ctldl.windowsupdate.com
9,live.com
10,facebook.com
11,safebrowsing.googleapis.com
12,events.data.microsoft.com
13,settings-win.data.microsoft.com
14,doubleclick.net
15,prod.netflix.com
16,push.prod.netflix.com
17,g.doubleclick.net
18,officeapps.live.com
19,clientservices.googleapis.com
20,googleads.g.doubleclick.net
21,nexusrules.officeapps.live.com
22,ftl.netflix.com
23,clients4.google.com
24,youtube.com
25,aria.microsoft.com
26,pipe.aria.microsoft.com
27,microsoftonline.com
28,prod.ftl.netflix.com
29,login.microsoftonline.com
30,mp.microsoft.com
31,www.facebook.com
32,ichnaea.netflix.com
33,nrdp.prod.ftl.netflix.com
34,bing.com
35,office.com
36,update.googleapis.com
37,googleusercontent.com
38,google-analytics.com
39,www.googleapis.com
40,office365.com
41,mtalk.google.com
42,skype.com
43,login.live.com
44,weather.microsoft.com
45,fbcdn.net
46,graph.facebook.com
47,mobile.pipe.aria.microsoft.com
48,teams.microsoft.com
49,tile-service.weather.microsoft.com
50,www.youtube.com
51,www.google-analytics.com
52,windows.net
53,v10.events.data.microsoft.com
54,outlook.office365.com
55,ytimg.com
56,fonts.googleapis.com
57,self.events.data.microsoft.com
58,play.google.com
59,www.bing.com
60,i.ytimg.com
61,roaming.officeapps.live.com
62,lh3.googleusercontent.com
63,edge.skype.com
64,accounts.google.com
65,apple.com
66,msn.com
67,dsp.mp.microsoft.com
68,config.edge.skype.com
69,browser.pipe.aria.microsoft.com
70,digicert.com
71,googleadservices.com
72,play.googleapis.com
73,config.teams.microsoft.com
74,nflxso.net
75,1.nflxso.net
76,amazonaws.com
77,presence.teams.microsoft.com
78,googlesyndication.com
79,ocsp.digicert.com
80,secure.netflix.com
81,googlevideo.com
82,msedge.net
83,do.dsp.mp.microsoft.com
84,prod.do.dsp.mp.microsoft.com
85,fna.fbcdn.net
86,xx.fbcdn.net
87,stats.g.doubleclick.net
88,googletagmanager.com
89,www.googletagmanager.com
90,www.googleadservices.com
91,nrdp52-appboot.netflix.com
92,login.windows.net
93,uiboot.netflix.com
94,yahoo.com
95,securepubads.g.doubleclick.net
96,pagead2.googlesyndication.com
97,nflximg.com
98,akamaiedge.net
99,cdn-0.nflximg.com
100,gvt1.com
101,adservice.google.com
102,clients.google.com
103,android.clients.google.com
104,customerevents.netflix.com
105,gvt2.com
106,akadns.net
107,nccp.netflix.com
108,nrdp.nccp.netflix.com
109,ggpht.com
110,office.net
111,tpc.googlesyndication.com
112,nexus.officeapps.live.com
113,com.akadns.net
114,apis.google.com
115,content-autofill.googleapis.com
116,nrdp51-appboot.netflix.com
117,android.googleapis.com
118,windows.com
119,outlook.office.com
120,substrate.office.com
121,facebook.net
122,connect.facebook.net
123,app-measurement.com
124,youtubei.googleapis.com
125,redirector.gvt1.com
126,icloud.com
127,gcp.gvt2.com
128,beacons.gcp.gvt2.com
129,clients6.google.com
130,msg.teams.microsoft.com
131,ng.msg.teams.microsoft.com
132,opendns.com
133,yt3.ggpht.com
134,push.apple.com
135,core.windows.net
136,outlook.com
137,odc.officeapps.live.com
138,blob.core.windows.net
139,clients2.google.com
140,itunes.apple.com
141,mail.google.com
142,qq.com
143,arc.msn.com
144,pki.goog
145,www.apple.com
146,edge-mqtt.facebook.com
147,update.microsoft.com
148,sharepoint.com
149,akamaized.net
150,scontent.xx.fbcdn.net
151,adnxs.com
152,scorecardresearch.com
153,ls.apple.com
154,amazon.com
155,ogs.google.com
156,iecvlist.microsoft.com
157,ntp.org
158,pool.ntp.org
159,flightproxy.teams.microsoft.com
160,api.flightproxy.teams.microsoft.com
161,go.microsoft.com
162,whatsapp.net
163,googletagservices.com
164,urs.microsoft.com
165,hola.org
166,www.googletagservices.com
167,mqtt-mini.facebook.com
168,sb.scorecardresearch.com
169,dns-test1.hola.org
170,dsce9.akamaiedge.net
171,static.xx.fbcdn.net
172,symantec.com
173,v20.events.data.microsoft.com
174,storage.live.com
175,twitter.com
176,msftncsi.com
177,b-graph.facebook.com
178,aaplimg.com
179,apple-dns.net
180,akamai.net
181,res.office365.com
182,storage.googleapis.com
183,measure.office.com
184,fp.measure.office.com
185,b-api.facebook.com
186,c.urs.microsoft.com
187,fe.apple-dns.net
188,g.aaplimg.com
189,notifications.teams.microsoft.com
190,instagram.com
191,l.google.com
192,upload.fp.measure.office.com
193,hicloud.com
194,delivery.mp.microsoft.com
195,rubiconproject.com
196,ib.adnxs.com
197,www.icloud.com
198,checkappexec.microsoft.com
199,time-ios.apple.com
200,r4.res.office365.com
201,azureedge.net
202,cloudflare.com
203,crashlytics.com
204,ad.doubleclick.net
205,adsrvr.org
206,oauthaccountmanager.googleapis.com
207,clients1.google.com
208,demdex.net
209,ssl.google-analytics.com
210,amer.ng.msg.teams.microsoft.com
211,dns.msftncsi.com
212,2mdn.net
213,clients3.google.com
214,telemetry.microsoft.com
215,beacons.gvt2.com
216,s0.2mdn.net
217,adobe.com
218,osi.office.net
219,init.itunes.apple.com
220,ajax.googleapis.com
221,safeframe.googlesyndication.com
222,crl.pki.goog
223,ipv6.microsoft.com
224,docs.google.com
225,chat-pa.clients6.google.com
226,msftconnecttest.com
227,autodiscover-s.outlook.com
228,pubmatic.com
229,people-pa.clients6.google.com
230,cdnjs.cloudflare.com
231,dpm.demdex.net
232,linkedin.com
233,c10r.facebook.com
234,api.facebook.com
235,activity.windows.com
236,e6858.dsce9.akamaiedge.net
237,assets.msn.com
238,akamaihd.net
239,match.adsrvr.org
240,nflxext.com
241,www.msftconnecttest.com
242,criteo.com
243,openx.net
244,v10c.events.data.microsoft.com
245,dsx.mp.microsoft.com
246,redirector.googlevideo.com
247,moatads.com
248,casalemedia.com
249,gmail.com
250,ybp.yahoo.com
251,xp.apple.com
252,taboola.com
253,cdn.office.net
254,gateway.fe.apple-dns.net
255,gsp64-ssl.ls.apple.com
256,gateway.icloud.com
257,cm.g.doubleclick.net
258,ocws.officeapps.live.com
259,people-pa.googleapis.com
260,rlcdn.com
261,amazon-adsystem.com
262,chatsvcagg.teams.microsoft.com
263,cc.skype.com
264,livetileedge.dsx.mp.microsoft.com
265,geo.prod.do.dsp.mp.microsoft.com
266,settings.crashlytics.com
267,contentstorage.osi.office.net
268,i9.ytimg.com
269,pr-bh.ybp.yahoo.com
270,api3.cc.skype.com
271,www.amazon.com
272,s.youtube.com
273,signaler-pa.clients6.google.com
274,evoke-windowsservices-tas.msedge.net
275,appsflyer.com
276,officeclient.microsoft.com
277,g.whatsapp.net
278,client-channel.google.com
279,icloud.com.akadns.net
280,advertising.com
281,bidswitch.net
282,www-cdn.icloud.com.akadns.net
283,analytics.yahoo.com
284,baidu.com
285,everesttech.net
286,x.bidswitch.net
287,static.doubleclick.net
288,emea.presence.teams.microsoft.com
289,platform.hicloud.com
290,graph.instagram.com
291,cms.msn.com
292,prod.cms.msn.com
293,content.prod.cms.msn.com
294,cdn.content.prod.cms.msn.com
295,c.bing.com
296,beacons2.gvt2.com
297,mathtag.com
298,trafficshaping.dsp.mp.microsoft.com
299,tsfe.trafficshaping.dsp.mp.microsoft.com
300,web.facebook.com
301,beacons3.gvt2.com
302,beacons4.gvt2.com
303,a.akamaiedge.net
304,ipl.opendns.com
305,bluekai.com
306,lh5.googleusercontent.com
307,itunes-apple.com.akadns.net
308,firebaseremoteconfig.googleapis.com
309,ent-shasta-rrs.symantec.com
310,e673.dsce9.akamaiedge.net
311,ls-apple.com.akadns.net
312,quantserve.com
313,www.microsoft.com
314,krxd.net
315,mesu.apple.com
316,idsync.rlcdn.com
317,smoot.apple.com
318,partner.googleadservices.com
319,secure.adnxs.com
320,star.c10r.facebook.com
321,agkn.com
322,time-ios.g.aaplimg.com
323,ampproject.org
324,cdn.ampproject.org
325,z.moatads.com
326,drive.google.com
327,download.windowsupdate.com
328,pixel.advertising.com
329,imap.gmail.com
330,addthis.com
331,sync.mathtag.com
332,us-u.openx.net
333,enterprise.activity.windows.com
334,pixel.rubiconproject.com
335,ecs.office.com
336,licensing.mp.microsoft.com
337,bag.itunes.apple.com
338,godaddy.com
339,ocsp.apple.com
340,semanticlocation-pa.googleapis.com
341,tiktokv.com
342,apple.com.akadns.net
343,beacon.krxd.net
344,s.ytimg.com
345,adform.net
346,lh6.googleusercontent.com
347,tapad.com
348,crsi.symantec.com
349,sfx.ms
350,vortex-win.data.microsoft.com
351,ups.analytics.yahoo.com
352,lh4.googleusercontent.com
353,gsp-ssl.ls.apple.com
354,oneclient.sfx.ms
355,inbox.google.com
356,live.net
357,ocsp.godaddy.com
358,tiktokcdn.com
359,i.instagram.com
360,watson.telemetry.microsoft.com
361,gs-loc.apple.com
362,settings.data.microsoft.com
363,turn.com
364,musical.ly
365,edgekey.net
366,bootstrapcdn.com
367,yimg.com
368,delve.office.com
369,trc.taboola.com
370,smartscreen-prod.microsoft.com
371,fb.com
372,s.yimg.com
373,googleads4.g.doubleclick.net
374,tags.bluekai.com
375,l.doubleclick.net
376,avast.com
377,portal.fb.com
378,stnd-ipsg.crsi.symantec.com
379,configuration.ls.apple.com
380,ade.googlesyndication.com
381,crwdcntrl.net
382,loki.delve.office.com
383,maps.googleapis.com
384,c1.adform.net
385,bid.g.doubleclick.net
386,pubads.g.doubleclick.net
387,graph.microsoft.com
388,platform.twitter.com
389,intel.com
390,smartscreen.microsoft.com
391,fe3cr.delivery.mp.microsoft.com
392,outbrain.com
393,imasdk.googleapis.com
394,codex.nflxext.com
395,criteo.net
396,adsafeprotected.com
397,e4478.a.akamaiedge.net
398,sectigo.com
399,star-mini.c10r.facebook.com
400,g.live.com
401,mookie1.com
402,s.amazon-adsystem.com
403,mozilla.com
404,com.edgekey.net
405,services.mozilla.com
406,ess.apple.com
407,pixel.quantserve.com
408,pixel.tapad.com
409,teredo.ipv6.microsoft.com
410,www.linkedin.com
411,samsung.com
412,exelator.com
413,adsymptotic.com
414,time.windows.com
415,spotxchange.com
416,zoom.us
417,android.com
418,p.adsymptotic.com
419,search.spotxchange.com
420,letsencrypt.org
421,connectivitycheck.platform.hicloud.com
422,3lift.com
423,safebrowsing.google.com
424,bat.bing.com
425,c.amazon-adsystem.com
426,ocsp.sectigo.com
427,aa.google.com
428,init-p01st.push.apple.com
429,taobao.com
430,spotify.com
431,fastly.net
432,int-x3.letsencrypt.org
433,hangouts.google.com
434,newrelic.com
435,vortex.data.microsoft.com
436,sls.update.microsoft.com
437,teams.cdn.office.net
438,statics.teams.cdn.office.net
439,init.push.apple.com
440,ocsp.int-x3.letsencrypt.org
441,acdc-direct.office.com
442,dds.microsoft.com
443,aa.agkn.com
444,maxcdn.bootstrapcdn.com
445,iphone-ld.apple.com
446,ads.yahoo.com
447,sync-tm.everesttech.net
448,trouter.teams.microsoft.com
449,jquery.com
450,code.jquery.com
451,onenote.net
452,msocsp.com
453,ocsp.msocsp.com
454,keyvalueservice.fe.apple-dns.net
455,www.msn.com
456,slscr.update.microsoft.com
457,ocsp.pki.goog
458,twimg.com
459,dl.delivery.mp.microsoft.com
460,l.googleusercontent.com
461,img-s-msn-com.akamaized.net
462,tr.teams.microsoft.com
463,byteoversea.com
464,stags.bluekai.com
465,sync.search.spotxchange.com
466,comodoca.com
467,ff.avast.com
468,guzzoni.apple.com
469,pinterest.com
470,teads.tv
471,wdcp.microsoft.com
472,eus.rubiconproject.com
473,whatsapp.com
474,contacts.google.com
475,usertrust.com
476,trafficmanager.net
477,growth-pa.googleapis.com
478,webex.com
479,noam.presence.teams.microsoft.com
480,omtrdc.net
481,origin-apple.com.akadns.net
482,msecnd.net
483,cisco.com
484,lookaside.facebook.com
485,vo.msecnd.net
486,iris.microsoft.com
487,api.iris.microsoft.com
488,kv701.prod.do.dsp.mp.microsoft.com
489,ris.api.iris.microsoft.com
490,asyncgw.teams.microsoft.com
491,mqtt.c10r.facebook.com
492,media.net
493,configuration.apple.com
494,clients5.google.com
495,dropbox.com
496,as-sec.casalemedia.com
497,id.google.com
498,image6.pubmatic.com
499,google.co.in
500,px.moatads.com
501,t.co
502,asm.skype.com
503,ow1.res.office365.com
504,ads.linkedin.com
505,suggestqueries.google.com
506,acdn.adnxs.com
507,weixin.qq.com
508,atm-fp-direct.office.com
509,static.criteo.net
510,token.rubiconproject.com
511,dotomi.com
512,cdn.onenote.net
513,fls.doubleclick.net
514,t.appsflyer.com
515,w55c.net
516,wg.spotify.com
517,spclient.wg.spotify.com
518,fastlane.rubiconproject.com
519,js-agent.newrelic.com
520,lync.com
521,bidder.criteo.com
522,eb2.3lift.com
523,syndication.twitter.com
524,symcd.com
525,fp.msedge.net
526,1rx.io
527,appcenter.ms
528,px.ads.linkedin.com
529,crl.microsoft.com
530,gspe35-ssl.ls.apple.com
531,lithium.facebook.com
532,ad.turn.com
533,gum.criteo.com
534,jsdelivr.net
535,cdn.jsdelivr.net
536,in.appcenter.ms
537,ads.pubmatic.com
538,v10.vortex-win.data.microsoft.com
539,tlu.dl.delivery.mp.microsoft.com
540,cs.dds.microsoft.com
541,lijit.com
542,storequality.microsoft.com
543,storecatalogrevocation.storequality.microsoft.com
544,sharethrough.com
545,doubleverify.com
546,web.whatsapp.com
547,worldaz.tr.teams.microsoft.com
548,w.org
549,odr.mookie1.com
550,s.w.org
551,pbs.twimg.com
552,imrworldwide.com
553,mozilla.org
554,adobedtm.com
555,go-mpulse.net
556,assets.adobedtm.com
557,d.agkn.com
558,unrulymedia.com
559,apple.com.edgekey.net
560,smartadserver.com
561,dsum-sec.casalemedia.com
562,branch.io
563,bugly.qq.com
564,shavar.services.mozilla.com
565,sync.1rx.io
566,targeting.unrulymedia.com
567,globalsign.com
568,licdn.com
569,footprintdns.com
570,mixpanel.com
571,youtube-ui.l.google.com
572,contextweb.com
573,creativecdn.com
574,dt.adsafeprotected.com
575,gsp64-ssl.ls-apple.com.akadns.net
576,analytics.twitter.com
577,us-east-1.elb.amazonaws.com
578,hbopenbid.pubmatic.com
579,tremorhub.com
580,c.go-mpulse.net
581,bcp.crwdcntrl.net
582,init.ess.apple.com
583,m.facebook.com
584,addons-pa.clients6.google.com
585,www.baidu.com
586,adjust.com
587,edge-chat.facebook.com
588,fcmatch.google.com
589,bh.contextweb.com
590,mail-ads.google.com
591,translate.googleapis.com
592,hivestreaming.com
593,alicdn.com
594,fbsbx.com
595,lh3.google.com
596,verisign.com
597,cdninstagram.com
598,fcmatch.youtube.com
599,gravatar.com
600,cp701.prod.do.dsp.mp.microsoft.com
601,infra.lync.com
602,dscd.akamai.net
603,adobe.io
604,hotjar.com
605,cbcloud.de
606,my.cbcloud.de
607,ols.officeapps.live.com
608,bidr.io
609,xboxlive.com
610,0.client-channel.google.com
611,xp.itunes-apple.com.akadns.net
612,prod.bidr.io
613,contextual.media.net
614,nr-data.net
615,gsp85-ssl.ls.apple.com
616,us-west-2.elb.amazonaws.com
617,isnssdk.com
618,loadm.exelator.com
619,match.prod.bidr.io
620,rfihub.com
621,sitescout.com
622,edgesuite.net
623,bam.nr-data.net
624,ssum-sec.casalemedia.com
625,sync.teads.tv
626,api.smoot.apple.com
627,zemanta.com
628,images.taboola.com
629,pixel.adsafeprotected.com
630,dis.criteo.com
631,metaservices.microsoft.com
632,googlehosted.l.googleusercontent.com
633,match.sharethrough.com
634,ipf.opendns.com
635,static.hotjar.com
636,ocsp.usertrust.com
637,azure.com
638,otf.msn.com
639,secure-assets.rubiconproject.com
640,time.android.com
641,atdmt.com
642,static.whatsapp.net
643,dscb.akamaiedge.net
644,app.adjust.com
645,simpli.fi
646,amazontrust.com
647,calendar.google.com
648,eyeota.net
649,ps.eyeota.net
650,xiaomi.com
651,mrodevicemgr.officeapps.live.com
652,init-p01md.apple.com
653,atlas.samsung.com
654,di.atlas.samsung.com
655,com.edgesuite.net
656,protection.outlook.com
657,api2.branch.io
658,api-h2-eagle.tiktokv.com
659,reports.crashlytics.com
660,wns.windows.com
661,nflximg.net
662,www-google-analytics.l.google.com
663,ksmobile.com
664,www.google.co.in
665,p.rfihub.com
666,dmd.metaservices.microsoft.com
667,ocsp.comodoca.com
668,pull-cmaf-f16.tiktokcdn.com
669,citrix.com
670,mfadsrvr.com
671,dns.weixin.qq.com
672,iphonesubmissions.apple.com
673,weather-data.apple.com
674,skydrive.wns.windows.com
675,dlx.addthis.com
676,mopub.com
677,hotapi-va.isnssdk.com
678,tps.doubleverify.com
679,d.turn.com
680,sync.crwdcntrl.net
681,footprints-pa.googleapis.com
682,pixel-sync.sitescout.com
683,waconatm.officeapps.live.com
684,geomobileservices-pa.googleapis.com
685,cdn.doubleverify.com
686,metrics.icloud.com
687,mail.yahoo.com
688,pm.w55c.net
689,geo.moatads.com
690,pull-flv-l11.tiktokcdn.com
691,simage2.pubmatic.com
692,ads.mopub.com
693,just-hawk2.my.cbcloud.de
694,sensors.just-hawk2.my.cbcloud.de
695,b1sync.zemanta.com
696,android.bugly.qq.com
697,play.itunes.apple.com
698,waconafd.officeapps.live.com
699,secomtrust.net
700,0.pool.ntp.org
701,api-h2.tiktokv.com
702,disc701.prod.do.dsp.mp.microsoft.com
703,fe3.delivery.mp.microsoft.com
704,ocsp.secomtrust.net
705,visualstudio.com
706,zaloapp.com
707,unity3d.com
708,cdn.taboola.com
709,ieonlinews.microsoft.com
710,um.simpli.fi
711,snapchat.com
712,globalsign.net
713,pull-rtmp-l11.tiktokcdn.com
714,crl.globalsign.net
715,partnerad.l.doubleclick.net
716,pull-hls-l1.tiktokcdn.com
717,tp-s.nflximg.net
718,weather.com
719,valid.apple.com
720,bttrack.com
721,aad.cs.dds.microsoft.com
722,trustarc.com
723,pull-rtmp-l1.tiktokcdn.com
724,ms-acdc.office.com
725,mzstatic.com
726,pagead46.l.doubleclick.net
727,ads-twitter.com
728,static.ads-twitter.com
729,stickyadstv.com
730,pull-cmaf-f5.tiktokcdn.com
731,pull-hls-f5.tiktokcdn.com
732,slack.com
733,sca1b.amazontrust.com
734,pull-f5-ab.tiktokcdn.com
735,yandex.ru
736,us-prod.asyncgw.teams.microsoft.com
737,firebaseinstallations.googleapis.com
738,passwordsleakcheck-pa.googleapis.com
739,sync.targeting.unrulymedia.com
740,cm.everesttech.net
741,chartbeat.net
742,mesu-cdn.origin-apple.com.akadns.net
743,pull-flv-l1.tiktokcdn.com
744,m.adnxs.com
745,pull-hls-f5-ab.tiktokcdn.com
746,playatoms-pa.googleapis.com
747,array701.prod.do.dsp.mp.microsoft.com
748,nav.smartscreen.microsoft.com
749,sc.omtrdc.net
750,liadm.com
751,ads.stickyadstv.com
752,pull-hls-l11.tiktokcdn.com
753,telemetry.mozilla.org
754,incoming.telemetry.mozilla.org
755,iasds01.com
756,insight.adsrvr.org
757,api2-16-h2-eagle.musical.ly
758,geover.prod.do.dsp.mp.microsoft.com
759,sb-ssl.google.com
760,b-ring.msedge.net
761,m.addthis.com
762,messenger.live.com
763,socdm.com
764,e2ro.com
765,adingo.jp
766,sc.iasds01.com
767,smp-device-content.apple.com
768,alibaba.com
769,node.e2ro.com
770,log.tiktokv.com
771,truste.com
772,3gppnetwork.org
773,pub.3gppnetwork.org
774,gs-loc-new.ls-apple.com.akadns.net
775,1.pool.ntp.org
776,assets.nflxext.com
777,www.instagram.com
778,optimizely.com
779,ping.chartbeat.net
780,pippio.com
781,accuweather.com
782,k-ring.msedge.net
783,s-ring.msedge.net
784,location.live.net
785,courier-push-apple.com.akadns.net
786,a-ring.msedge.net
787,m.taobao.com
788,api.weather.com
789,iadsdk.apple.com
790,pull-f5.tiktokcdn.com
791,inference.location.live.net
792,teamviewer.com
793,ap.lijit.com
794,mozilla.net
795,g.akamaiedge.net
796,ci5.googleusercontent.com
797,cdn.mozilla.net
798,oppomobile.com
799,ci4.googleusercontent.com
800,google.com.vn
801,ci6.googleusercontent.com
802,typekit.net
803,s7.addthis.com
804,api.mixpanel.com
805,pinimg.com
806,c.msn.com
807,manage.microsoft.com
808,captive.apple.com
809,miui.com
810,api16-core-c-alisg.tiktokv.com
811,api.accuweather.com
812,apple.news
813,api21-h2-eagle.tiktokv.com
814,cms.quantserve.com
815,ocsp.sca1b.amazontrust.com
816,query.yahoo.com
817,cdn.whatsapp.net
818,e17437.dscb.akamaiedge.net
819,1-courier.push.apple.com
820,ocsp.verisign.com
821,ci3.googleusercontent.com
822,ocsp-lb.apple.com.akadns.net
823,i1.ytimg.com
824,fontawesome.com
825,clo.footprintdns.com
826,fs.microsoft.com
827,symantecliveupdate.com
828,ssl-images-amazon.com
829,liveupdate.symantecliveupdate.com
830,peoplestackwebexperiments-pa.clients6.google.com
831,quantcount.com
832,service.weather.microsoft.com
833,samsungapps.com
834,instantmessaging-pa.googleapis.com
835,ls.apple.com.edgekey.net
836,onesignal.com
837,chartbeat.com
838,wayfair.com
839,i.liadm.com
840,services.visualstudio.com
841,sync.outbrain.com
842,push-apple.com.akadns.net
843,dc.services.visualstudio.com
844,c.apple.news
845,tribalfusion.com
846,rtb.mfadsrvr.com
847,emxdgt.com
848,web.vortex.data.microsoft.com
849,photos-ugc.l.googleusercontent.com
850,mobilenetworkscoring-pa.googleapis.com
851,media-amazon.com
852,gspe11-ssl.ls.apple.com.edgekey.net
853,use.typekit.net
854,wbx2.com
855,m.media-amazon.com
856,cdn.optimizely.com
857,t.wayfair.com
858,zendesk.com
859,armmf.adobe.com
860,client.dropbox.com
861,static.chartbeat.com
862,id.rlcdn.com
863,www-googletagmanager.l.google.com
864,fw.adsafeprotected.com
865,ping.citrix.com
866,api.twitter.com
867,firefox.com
868,sp.analytics.yahoo.com
869,d.dropbox.com
870,sogou.com
871,images-na.ssl-images-amazon.com
872,cms.analytics.yahoo.com
873,sfnam.loki.delve.office.com
874,api.bing.com
875,telemetry.dropbox.com
876,widgets.outbrain.com
877,launches.appsflyer.com
878,indexww.com
879,pancake.apple.com
880,ip.hivestreaming.com
881,adgrx.com
882,a1895.dscd.akamai.net
883,api.zaloapp.com
884,rupload.facebook.com
885,video.xx.fbcdn.net
886,health.apple.com
887,settings.services.mozilla.com
888,yahoodns.net
889,edgeapi.slack.com
890,adtech.advertising.com
891,static.adsafeprotected.com
892,internal
893,translate.google.com
894,360yield.com
895,a.tribalfusion.com
896,segment.io
897,api.segment.io
898,mgid.com
899,api.taboola.com
900,flurry.com
901,js-sec.indexww.com
902,hcbh.heycould.com
903,heycould.com
904,array703.prod.do.dsp.mp.microsoft.com
905,ucweb.com
906,umeng.com
907,addthisedge.com
908,aliyuncs.com
909,line-apps.com
910,gsp10-ssl.apple.com
911,www.google.com.vn
912,globalredir.akadns.net
913,net.globalredir.akadns.net
914,image2.pubmatic.com
915,wp.com
916,choices.truste.com
917,flashtalking.com
918,cc.adingo.jp
919,setup.icloud.com
920,srtb.msn.com
921,secure.gravatar.com
922,fe2cr.update.microsoft.com
923,serving-sys.com
924,onmicrosoft.com
925,firefox.settings.services.mozilla.com
926,bolt.dropbox.com
927,qpic.cn
928,tt.omtrdc.net
929,cloud.netflix.com
930,prod.cloud.netflix.com
931,imtt.qq.com
932,edgekey.net.globalredir.akadns.net
933,entrust.net
934,zopim.com
935,choices.trustarc.com
936,dqa.samsung.com
937,v1.addthisedge.com
938,cds.taboola.com
939,gumgum.com
940,outlook.ms-acdc.office.com
941,zdassets.com
942,messaging.office.com
943,appier.net
944,data.flurry.com
945,rtb-csync.smartadserver.com
946,app.link
947,ocsp.entrust.net
948,stats.l.doubleclick.net
949,3g.qq.com
950,android.pool.ntp.org
951,adaptv.advertising.com
952,v.aaplimg.com
953,pixel.mathtag.com
954,cmdts.ksmobile.com
955,cm.adgrx.com
956,configuration.apple.com.akadns.net
957,2.android.pool.ntp.org
958,ocsp2.globalsign.com
959,ncc.avast.com
960,cdn.krxd.net
961,cl5.apple.com
962,servedby.flashtalking.com
963,clients.l.google.com
964,hacdl.junwonsil.com
965,junwonsil.com
966,secureworks.com
967,reddit.com
968,widget-mediator.zopim.com
969,b.redcloak.secureworks.com
970,cluster.b.redcloak.secureworks.com
971,redcloak.secureworks.com
972,loadus.exelator.com
973,c.appier.net
974,msauth.net
975,line-scdn.net
976,mobile-gtalk.l.google.com
977,samsungcloud.com
978,outbrainimg.com
979,gateway.messenger.live.com
980,evidon.com
981,gs-loc.ls-apple.com.akadns.net
982,p.typekit.net
983,google.internal
984,metadata.google.internal
985,www.msftncsi.com
986,bs.serving-sys.com
987,peers.hivestreaming.com
988,c.evidon.com
989,mb.moatads.com
990,owneriq.net
991,tidaltv.com
992,guzzoni-apple-com.v.aaplimg.com
993,sync.tidaltv.com
994,px.owneriq.net
995,tg.socdm.com
996,ocsp.globalsign.com
997,ey.com
998,symcb.com
999,use.fontawesome.com
1000,cdn.branch.io
