1,com
2,net
3,googleapis.com
4,org
5,io
6,cn
7,goog
8,co
9,ms
10,us
11,tv
12,me
13,s3.amazonaws.com
14,jp
15,elb.amazonaws.com
16,in
17,cloudapp.net
18,de
19,ly
20,vn
21,sg
22,uk
23,co.uk
24,ru
25,info
26,co.in
27,us-east-1.amazonaws.com
28,com.cn
29,gov
30,fi
31,com.vn
32,xyz
33,link
34,eu
35,cloud
36,map.fastly.net
37,news
38,mobi
39,online
40,asia
41,hk
42,ai
43,it
44,id
45,st
46,appspot.com
47,azurewebsites.net
48,cc
49,co.jp
50,app
51,th
52,com.hk
53,nl
54,pl
55,ca
56,co.th
57,to
58,fr
59,biz
60,kr
61,my
62,gg
63,tw
64,be
65,club
66,sa
67,co.id
68,ws
69,com.my
70,au
71,ph
72,im
73,edu
74,tech
75,githubusercontent.com
76,com.sg
77,global.ssl.fastly.net
78,com.au
79,co.kr
80,com.tw
81,video
82,pro
83,network
84,org.cn
85,media
86,pw
87,support
88,blogspot.com
89,s3-us-west-2.amazonaws.com
90,ch
91,com.ph
92,ne.jp
93,tumblr.com
94,s3-ap-southeast-1.amazonaws.com
95,site
96,br
97,es
98,com.br
99,se
100,withgoogle.com
101,gl
102,cloudfunctions.net
103,edu.cn
104,mx
105,nz
106,top
107,live
108,market
109,herokuapp.com
110,space
111,elasticbeanstalk.com
112,co.nz
113,github.io
114,rsc.cdn77.org
115,name
116,arpa
117,fm
118,ae
119,mil
120,house
121,google
122,at
123,dk
124,ie
125,jobs
126,com.mx
127,software
128,sh
129,net.id
130,s3.dualstack.ap-southeast-1.amazonaws.com
131,co.za
132,am
133,tk
134,s3-eu-west-1.amazonaws.com
135,ro
136,la
137,gov.in
138,fastlylb.net
139,in.th
140,no
141,cz
142,gov.cn
143,ua
144,zone
145,pk
146,pt
147,fun
148,gr
149,dyndns.org
150,email
151,dev
152,map.fastlylb.net
153,tr
154,net.vn
155,ar
156,com.ar
157,systems
158,com.tr
159,bid
160,gov.hk
161,is
162,hu
163,us-east-1.elasticbeanstalk.com
164,vip
165,li
166,com.ua
167,blue
168,sk
169,vc
170,lu
171,com.pk
172,s3.ap-south-1.amazonaws.com
173,lt
174,si
175,pe
176,services
177,s3-us-west-1.amazonaws.com
178,re
179,qa
180,firebaseapp.com
181,host
182,gt
183,ir
184,su
185,gle
186,cl
187,sc
188,bd
189,gov.vn
190,int
191,games
192,lk
193,s3.us-east-2.amazonaws.com
194,net.cn
195,or.us
196,stream
197,go.id
198,apps.fbsbx.com
199,us-west-2.elasticbeanstalk.com
200,ddns.net
201,s3-ap-northeast-1.amazonaws.com
202,win
203,org.uk
204,life
205,go.th
206,one
207,today
208,bz
209,pub
210,chat
211,icu
212,edu.vn
213,website
214,so
215,com.qa
216,gov.tw
217,world
218,rocks
219,gov.my
220,studio
221,nu
222,net.au
223,ee
224,gov.sg
225,best
226,onion
227,ninja
228,gov.br
229,casa
230,click
231,ac
232,bar
233,work
234,by
235,ac.uk
236,ac.id
237,store
238,ovh
239,edu.hk
240,nic.in
241,or.th
242,net.uk
243,or.jp
244,solutions
245,com.pe
246,il
247,global
248,duckdns.org
249,googlecode.com
250,xxx
251,eu.org
252,tc
253,page
254,al
255,fyi
256,party
257,trade
258,ga
259,edu.tw
260,ac.th
261,s3.eu-central-1.amazonaws.com
262,bg
263,shop
264,ml
265,bnpparibas
266,agency
267,cx
268,np
269,co.il
270,org.vn
271,kz
272,org.hk
273,biz.id
274,digital
275,bradesco
276,events
277,tools
278,org.au
279,freetls.fastly.net
280,aws
281,money
282,s3-external-1.amazonaws.com
283,ap-northeast-2.elasticbeanstalk.com
284,do
285,com.co
286,moe
287,eu-west-1.elasticbeanstalk.com
288,ec
289,plus
290,uy
291,cm
292,kg
293,tl
294,cat
295,com.sa
296,as
297,goip.de
298,edu.sg
299,py
300,ac.in
301,k12.or.us
302,elb.amazonaws.com.cn
303,hn
304,com.py
305,supply
306,cf
307,com.uy
308,edu.au
309,eg
310,gov.ph
311,download
312,rest
313,buzz
314,frl
315,rs
316,kh
317,org.tw
318,s3.dualstack.us-east-1.amazonaws.com
319,works
320,press
321,gov.au
322,net.tw
323,blog
324,ad
325,onl
326,lv
327,or.kr
328,wa.us
329,com.eg
330,guru
331,gd
332,watch
333,mm
334,gov.uk
335,web.id
336,gc.ca
337,net.nz
338,sale
339,ac.jp
340,md
341,gq
342,netlify.com
343,bh
344,wf
345,pm
346,ad.jp
347,ag
348,edu.my
349,hr
350,pics
351,kw
352,center
353,sinaapp.com
354,desi
355,ma
356,mn
357,gs
358,go.kr
359,s3-website-us-east-1.amazonaws.com
360,mg
361,com.ru
362,org.in
363,netlify.app
364,cool
365,coop
366,wixsite.com
367,delivery
368,aero
369,men
370,go.jp
371,org.ec
372,red
373,mt
374,ltd
375,team
376,applinzi.com
377,herokussl.com
378,technology
379,group
380,mp
381,monster
382,sap
383,management
384,or.id
385,net.my
386,ac.cn
387,photos
388,ng
389,mo
390,ke
391,tt
392,bn
393,com.pl
394,com.mt
395,om
396,me.uk
397,company
398,business
399,homeip.net
400,wiki
401,myqnapcloud.com
402,org.nz
403,ve
404,com.kw
405,s3.cn-north-1.amazonaws.com.cn
406,pantheonsite.io
407,web.app
408,com.bz
409,co.ke
410,design
411,fit
412,net.in
413,net.br
414,az
415,travel
416,com.bh
417,bi
418,ge
419,ap-southeast-1.elasticbeanstalk.com
420,com.sh
421,dhl
422,s3-ap-southeast-2.amazonaws.com
423,ug
424,mu
425,wtf
426,readthedocs.io
427,cr
428,my.id
429,com.bn
430,sch.id
431,org.ru
432,gov.pk
433,s3.dualstack.eu-west-1.amazonaws.com
434,ab.ca
435,uz
436,gov.sa
437,ap-northeast-1.elasticbeanstalk.com
438,ci
439,nhs.uk
440,ca.us
441,tj
442,art
443,ne
444,now.sh
445,org.my
446,help
447,com.de
448,net.co
449,bc.ca
450,net.sg
451,no-ip.biz
452,movie
453,run
454,sytes.net
455,sx
456,ki
457,net.pk
458,s3.ap-northeast-2.amazonaws.com
459,s3.eu-west-2.amazonaws.com
460,rip
461,us-east-2.elasticbeanstalk.com
462,sh.cn
463,ink
464,org.sg
465,new
466,uno
467,jo
468,spb.ru
469,tips
470,sb
471,xn--p1ai
472,zapto.org
473,sv
474,hopto.org
475,ooo
476,edu.in
477,edu.pk
478,wang
479,org.tr
480,k12.wa.us
481,zw
482,sex
483,eu-central-1.elasticbeanstalk.com
484,mn.us
485,gift
486,tn
487,lpages.co
488,mk
489,org.br
490,nf
491,ddns.me
492,mv
493,ap-south-1.elasticbeanstalk.com
494,game
495,ac.kr
496,com.ve
497,chrome
498,kozow.com
499,net.ua
500,s3-ap-south-1.amazonaws.com
501,ba
502,dynu.net
503,edu.ph
504,co.zw
505,tokyo
506,com.ng
507,porn
508,gifts
509,af
510,cy
511,mine.nu
512,tm
513,guide
514,us-west-1.elasticbeanstalk.com
515,date
516,us.com
517,cu
518,city
519,net.hk
520,ntt
521,yt
522,no-ip.org
523,qc.ca
524,net.pl
525,meet
526,synology.me
527,s3.ca-central-1.amazonaws.com
528,gov.mo
529,lb
530,school
531,cash
532,s3-website.eu-central-1.amazonaws.com
533,fan
534,on.ca
535,bank
536,ht
537,in-addr.arpa
538,tz
539,a.ssl.fastly.net
540,gov.qa
541,dnshome.de
542,ps
543,beer
544,ac.at
545,bo
546,members.linode.com
547,uk.com
548,vegas
549,vg
550,report
551,com.do
552,s3-us-east-2.amazonaws.com
553,net.mx
554,js.org
555,care
556,health
557,workers.dev
558,gy
559,com.cy
560,res.in
561,govt.nz
562,com.gr
563,bingo
564,pa
565,service.gov.uk
566,onthewifi.com
567,net.tr
568,gob.mx
569,net.il
570,blogspot.co.id
571,gov.ae
572,com.ec
573,ac.ir
574,sn
575,lc
576,cn.com
577,dyndns.biz
578,sbi
579,k12.ca.us
580,land
581,mz
582,ren
583,s3-website-us-west-2.amazonaws.com
584,review
585,ngrok.io
586,com.mo
587,dz
588,training
589,webcam
590,codes
591,dm
592,gov.tr
593,net.ae
594,na
595,ac.nz
596,tube
597,bet
598,blogspot.in
599,com.es
600,com.om
601,com.af
602,tj.cn
603,bt
604,community
605,lol
606,cd
607,gov.pl
608,exchange
609,bio
610,cam
611,co.tz
612,expert
613,co.at
614,net.sa
615,c.cdn77.org
616,idv.tw
617,kim
618,org.za
619,gdn
620,et
621,rw
622,altervista.org
623,bit
624,co.hu
625,com.gt
626,ind.in
627,gh
628,vet
629,id.us
630,pr
631,ac.za
632,ak.us
633,gouv.fr
634,com.lb
635,kpmg
636,ao
637,racing
638,tx.us
639,global.prod.fastly.net
640,kicks-ass.net
641,canon
642,gov.lk
643,pg
644,gov.il
645,kiev.ua
646,dattolocal.net
647,academy
648,co.ug
649,bw
650,nyc
651,com.pa
652,tf
653,fr.eu.org
654,net.ar
655,co.cr
656,lg.jp
657,biz.vn
658,mc
659,mi.th
660,bm
661,cn-north-1.eb.amazonaws.com.cn
662,tel
663,jm
664,ni
665,vic.gov.au
666,fj
667,s3-website-eu-west-1.amazonaws.com
668,com.bo
669,homelinux.net
670,love
671,army
672,dj
673,bs
674,com.ge
675,in.ua
676,a.run.app
677,edu.tr
678,run.app
679,zm
680,org.pk
681,farm
682,com.gh
683,rhcloud.com
684,social
685,remotewd.com
686,vin
687,taipei
688,mb.ca
689,here
690,london
691,gitlab.io
692,je
693,s3-website-ap-southeast-1.amazonaws.com
694,education
695,gov.za
696,org.il
697,sm
698,vu
699,cab
700,ax
701,edu.ar
702,reliance
703,ky
704,earth
705,museum
706,edu.pl
707,net.ph
708,xin
709,s3-us-gov-west-1.amazonaws.com
710,org.ar
711,org.ua
712,com.sv
713,re.kr
714,ac.il
715,audio
716,ck
717,gov.ru
718,sp.gov.br
719,ath.cx
720,style
721,de.com
722,science
723,sk.ca
724,gov.ar
725,ut.us
726,com.et
727,fl.us
728,com.fj
729,hsbc
730,co.ao
731,s3-eu-central-1.amazonaws.com
732,iq
733,pn
734,total
735,direct
736,glitch.me
737,co.bw
738,mt.us
739,ac.be
740,show
741,ac.rs
742,church
743,com.ni
744,qld.gov.au
745,blogspot.co.uk
746,gr.jp
747,gratis
748,redirectme.net
749,blogspot.tw
750,net.th
751,co.ve
752,express
753,international
754,tax
755,ap-southeast-2.elasticbeanstalk.com
756,edu.co
757,gob.ar
758,fo
759,bj
760,pa.us
761,zip
762,com.am
763,gov.co
764,ru.com
765,wa.gov.au
766,eu.com
767,law
768,null
769,feedback
770,edu.br
771,il.us
772,dyndns.tv
773,hosting
774,blogspot.ca
775,co.mz
776,ls
777,s3-sa-east-1.amazonaws.com
778,blogspot.my
779,com.jo
780,oh.us
781,box
782,co.us
783,nc
784,leadpages.co
785,mi.us
786,domains
787,va
788,fed.us
789,gv.at
790,marketing
791,com.pr
792,ga.us
793,gm
794,s3-website-us-west-1.amazonaws.com
795,tickets
796,in.net
797,msk.ru
798,blackbaudcdn.net
799,cv
800,bb
801,computer
802,goo
803,adv.br
804,edu.sa
805,no-ip.info
806,sl
807,careers
808,co.zm
809,edu.mx
810,gov.ua
811,ma.us
812,org.ph
813,sony
814,edu.mo
815,asn.au
816,blogspot.com.br
817,coffee
818,com.cu
819,org.mx
820,town
821,cg
822,nr
823,pf
824,pr.gov.br
825,pictures
826,sharp
827,ny.us
828,blogspot.com.es
829,com.na
830,org.pl
831,build
832,pink
833,how
834,bf
835,nico
836,sy
837,gov.it
838,ind.br
839,dyndns.info
840,wi.us
841,com.mk
842,com.pt
843,cw
844,garden
845,ac.lk
846,cafe
847,cards
848,bike
849,dog
850,gob.pe
851,net.lb
852,net.za
853,nj.us
854,co.ls
855,net.ru
856,ed.jp
857,partners
858,dn.ua
859,yandex
860,hm
861,blogspot.fr
862,gob.es
863,platformsh.site
864,irish
865,k12.mn.us
866,vi
867,photo
868,co.rs
869,loan
870,mw
871,drive
872,kinghost.net
873,surf
874,dp.ua
875,golf
876,ia.us
877,gi
878,ms.us
879,nc.us
880,safe
881,safety
882,sc.gov.br
883,scot
884,waw.pl
885,blogspot.de
886,com.mv
887,gov.bh
888,s3-eu-west-2.amazonaws.com
889,capital
890,gd.cn
891,k12.mt.us
892,myvnc.com
893,pp.ua
894,engineering
895,s3.eu-west-3.amazonaws.com
896,va.us
897,cloud.fedoraproject.org
898,maori.nz
899,eus
900,b.ssl.fastly.net
901,co.ma
902,lat
903,co.it
904,com.al
905,getmyip.com
906,yolasite.com
907,inf.br
908,org.qa
909,pet
910,edu.ec
911,wy.us
912,amex
913,bloxcms.com
914,id.au
915,accenture
916,azure-mobile.net
917,car
918,ln.cn
919,inc
920,legal
921,r.appspot.com
922,foundation
923,net.ve
924,sch.uk
925,vn.ua
926,info.vn
927,k12.oh.us
928,photography
929,plc.uk
930,com.lk
931,gob.ec
932,gw
933,ltd.uk
934,ns.ca
935,org.eg
936,tg
937,com.vc
938,js.cn
939,sr
940,nsw.edu.au
941,gob.ve
942,blogspot.sg
943,co.com
944,gp
945,sd
946,deals
947,freedesktop.org
948,gov.jo
949,ist
950,net.pe
951,in.us
952,noip.me
953,youtube
954,com.la
955,edu.ua
956,psi.br
957,vic.edu.au
958,br.com
959,ddnsgeek.com
960,go.ke
961,gx.cn
962,jus.br
963,k12.id.us
964,mg.gov.br
965,wmflabs.org
966,ha.cn
967,poznan.pl
968,ads
969,myds.me
970,url.tw
971,wine
972,abbott
973,crs
974,dynv6.net
975,africa
976,bel.tr
977,blogspot.hk
978,asso.fr
979,com.tn
980,sexy
981,zp.ua
982,ac.cr
983,dental
984,menu
985,org.mz
986,gov.kw
987,office
988,promo
989,uy.com
990,gov.bn
991,platform.sh
992,you
993,com.ai
994,com.hn
995,kp
996,net.ba
997,pizza
998,swiss
999,odessa.ua
1000,tuxfamily.org
