1,com
2,net
3,googleapis.com
4,org
5,io
6,cn
7,goog
8,co
9,ms
10,us
11,tv
12,me
13,s3.amazonaws.com
14,jp
15,elb.amazonaws.com
16,in
17,cloudapp.net
18,de
19,ly
20,vn
21,sg
22,uk
23,co.uk
24,ru
25,info
26,co.in
27,us-east-1.amazonaws.com
28,com.cn
29,gov
30,fi
31,com.vn
32,xyz
33,link
34,eu
35,cloud
36,map.fastly.net
37,news
38,mobi
39,online
40,asia
41,hk
42,ai
43,it
44,id
45,st
46,appspot.com
47,azurewebsites.net
48,cc
49,co.jp
50,app
51,th
52,com.hk
53,nl
54,pl
55,ca
56,co.th
57,to
58,fr
59,biz
60,kr
61,my
62,gg
63,tw
64,be
65,club
66,sa
67,co.id
68,ws
69,com.my
70,au
71,ph
72,im
73,edu
74,tech
75,githubusercontent.com
76,com.sg
77,global.ssl.fastly.net
78,com.au
79,co.kr
80,com.tw
81,video
82,pro
83,network
84,org.cn
85,media
86,pw
87,support
88,blogspot.com
89,s3-us-west-2.amazonaws.com
90,ch
91,com.ph
92,ne.jp
93,tumblr.com
94,s3-ap-southeast-1.amazonaws.com
95,site
96,br
97,es
98,com.br
99,se
100,withgoogle.com
