1,com
2,net
3,googleapis.com
4,org
5,io
6,cn
7,goog
8,co
9,ms
10,us
11,tv
12,me
13,s3.amazonaws.com
14,jp
15,elb.amazonaws.com
16,in
17,cloudapp.net
18,de
19,ly
20,vn
21,sg
22,uk
23,co.uk
24,ru
25,info
26,co.in
27,us-east-1.amazonaws.com
28,com.cn
29,gov
30,fi
31,com.vn
32,xyz
33,link
34,eu
35,cloud
36,map.fastly.net
37,news
38,mobi
39,online
40,asia
41,hk
42,ai
43,it
44,id
45,st
46,appspot.com
47,azurewebsites.net
48,cc
49,co.jp
50,app
51,th
52,com.hk
53,nl
54,pl
55,ca
56,co.th
57,to
58,fr
59,biz
60,kr
61,my
62,gg
63,tw
64,be
65,club
66,sa
67,co.id
68,ws
69,com.my
70,au
71,ph
72,im
73,edu
74,tech
75,githubusercontent.com
76,com.sg
77,global.ssl.fastly.net
78,com.au
79,co.kr
80,com.tw
81,video
82,pro
83,network
84,org.cn
85,media
86,pw
87,support
88,blogspot.com
89,s3-us-west-2.amazonaws.com
90,ch
91,com.ph
92,ne.jp
93,tumblr.com
94,s3-ap-southeast-1.amazonaws.com
95,site
96,br
97,es
98,com.br
99,se
100,withgoogle.com
101,gl
102,cloudfunctions.net
103,edu.cn
104,mx
105,nz
106,top
107,live
108,market
109,herokuapp.com
110,space
111,elasticbeanstalk.com
112,co.nz
113,github.io
114,rsc.cdn77.org
115,name
116,arpa
117,fm
118,ae
119,mil
120,house
121,google
122,at
123,dk
124,ie
125,jobs
126,com.mx
127,software
128,sh
129,net.id
130,s3.dualstack.ap-southeast-1.amazonaws.com
131,co.za
132,am
133,tk
134,s3-eu-west-1.amazonaws.com
135,ro
136,la
137,gov.in
138,fastlylb.net
139,in.th
140,no
141,cz
142,gov.cn
143,ua
144,zone
145,pk
146,pt
147,fun
148,gr
149,dyndns.org
150,email
151,dev
152,map.fastlylb.net
153,tr
154,net.vn
155,ar
156,com.ar
157,systems
158,com.tr
159,bid
160,gov.hk
161,is
162,hu
163,us-east-1.elasticbeanstalk.com
164,vip
165,li
166,com.ua
167,blue
168,sk
169,vc
170,lu
171,com.pk
172,s3.ap-south-1.amazonaws.com
173,lt
174,si
175,pe
176,services
177,s3-us-west-1.amazonaws.com
178,re
179,qa
180,firebaseapp.com
181,host
182,gt
183,ir
184,su
185,gle
186,cl
187,sc
188,bd
189,gov.vn
190,int
191,games
192,lk
193,s3.us-east-2.amazonaws.com
194,net.cn
195,or.us
196,stream
197,go.id
198,apps.fbsbx.com
199,us-west-2.elasticbeanstalk.com
200,ddns.net
201,s3-ap-northeast-1.amazonaws.com
202,win
203,org.uk
204,life
205,go.th
206,one
207,today
208,bz
209,pub
210,chat
211,icu
212,edu.vn
213,website
214,so
215,com.qa
216,gov.tw
217,world
218,rocks
219,gov.my
220,studio
221,nu
222,net.au
223,ee
224,gov.sg
225,best
226,onion
227,ninja
228,gov.br
229,casa
230,click
231,ac
232,bar
233,work
234,by
235,ac.uk
236,ac.id
237,store
238,ovh
239,edu.hk
240,nic.in
241,or.th
242,net.uk
243,or.jp
244,solutions
245,com.pe
246,il
247,global
248,duckdns.org
249,googlecode.com
250,xxx
251,eu.org
252,tc
253,page
254,al
255,fyi
256,party
257,trade
258,ga
259,edu.tw
260,ac.th
261,s3.eu-central-1.amazonaws.com
262,bg
263,shop
264,ml
265,bnpparibas
266,agency
267,cx
268,np
269,co.il
270,org.vn
271,kz
272,org.hk
273,biz.id
274,digital
275,bradesco
276,events
277,tools
278,org.au
279,freetls.fastly.net
280,aws
281,money
282,s3-external-1.amazonaws.com
283,ap-northeast-2.elasticbeanstalk.com
284,do
285,com.co
286,moe
287,eu-west-1.elasticbeanstalk.com
288,ec
289,plus
290,uy
291,cm
292,kg
293,tl
294,cat
295,com.sa
296,as
297,goip.de
298,edu.sg
299,py
300,ac.in
301,k12.or.us
302,elb.amazonaws.com.cn
303,hn
304,com.py
305,supply
306,cf
307,com.uy
308,edu.au
309,eg
310,gov.ph
311,download
312,rest
313,buzz
314,frl
315,rs
316,kh
317,org.tw
318,s3.dualstack.us-east-1.amazonaws.com
319,works
320,press
321,gov.au
322,net.tw
323,blog
324,ad
325,onl
326,lv
327,or.kr
328,wa.us
329,com.eg
330,guru
331,gd
332,watch
333,mm
334,gov.uk
335,web.id
336,gc.ca
337,net.nz
338,sale
339,ac.jp
340,md
341,gq
342,netlify.com
343,bh
344,wf
345,pm
346,ad.jp
347,ag
348,edu.my
349,hr
350,pics
351,kw
352,center
353,sinaapp.com
354,desi
355,ma
356,mn
357,gs
358,go.kr
359,s3-website-us-east-1.amazonaws.com
360,mg
361,com.ru
362,org.in
363,netlify.app
364,cool
365,coop
366,wixsite.com
367,delivery
368,aero
369,men
370,go.jp
371,org.ec
372,red
373,mt
374,ltd
375,team
376,applinzi.com
377,herokussl.com
378,technology
379,group
380,mp
381,monster
382,sap
383,management
384,or.id
385,net.my
386,ac.cn
387,photos
388,ng
389,mo
390,ke
391,tt
392,bn
393,com.pl
394,com.mt
395,om
396,me.uk
397,company
398,business
399,homeip.net
400,wiki
401,myqnapcloud.com
402,org.nz
403,ve
404,com.kw
405,s3.cn-north-1.amazonaws.com.cn
406,pantheonsite.io
407,web.app
408,com.bz
409,co.ke
410,design
411,fit
412,net.in
413,net.br
414,az
415,travel
416,com.bh
417,bi
418,ge
419,ap-southeast-1.elasticbeanstalk.com
420,com.sh
421,dhl
422,s3-ap-southeast-2.amazonaws.com
423,ug
424,mu
425,wtf
426,readthedocs.io
427,cr
428,my.id
429,com.bn
430,sch.id
431,org.ru
432,gov.pk
433,s3.dualstack.eu-west-1.amazonaws.com
434,ab.ca
435,uz
436,gov.sa
437,ap-northeast-1.elasticbeanstalk.com
438,ci
439,nhs.uk
440,ca.us
441,tj
442,art
443,ne
444,now.sh
445,org.my
446,help
447,com.de
448,net.co
449,bc.ca
450,net.sg
451,no-ip.biz
452,movie
453,run
454,sytes.net
455,sx
456,ki
457,net.pk
458,s3.ap-northeast-2.amazonaws.com
459,s3.eu-west-2.amazonaws.com
460,rip
461,us-east-2.elasticbeanstalk.com
462,sh.cn
463,ink
464,org.sg
465,new
466,uno
467,jo
468,spb.ru
469,tips
470,sb
471,xn--p1ai
472,zapto.org
473,sv
474,hopto.org
475,ooo
476,edu.in
477,edu.pk
478,wang
479,org.tr
480,k12.wa.us
481,zw
482,sex
483,eu-central-1.elasticbeanstalk.com
484,mn.us
485,gift
486,tn
487,lpages.co
488,mk
489,org.br
490,nf
491,ddns.me
492,mv
493,ap-south-1.elasticbeanstalk.com
494,game
495,ac.kr
496,com.ve
497,chrome
498,kozow.com
499,net.ua
500,s3-ap-south-1.amazonaws.com
501,ba
502,dynu.net
503,edu.ph
504,co.zw
505,tokyo
506,com.ng
507,porn
508,gifts
509,af
510,cy
511,mine.nu
512,tm
513,guide
514,us-west-1.elasticbeanstalk.com
515,date
516,us.com
517,cu
518,city
519,net.hk
520,ntt
521,yt
522,no-ip.org
523,qc.ca
524,net.pl
525,meet
526,synology.me
527,s3.ca-central-1.amazonaws.com
528,gov.mo
529,lb
530,school
531,cash
532,s3-website.eu-central-1.amazonaws.com
533,fan
534,on.ca
535,bank
536,ht
537,in-addr.arpa
538,tz
539,a.ssl.fastly.net
540,gov.qa
541,dnshome.de
542,ps
543,beer
544,ac.at
545,bo
546,members.linode.com
547,uk.com
548,vegas
549,vg
550,report
551,com.do
552,s3-us-east-2.amazonaws.com
553,net.mx
554,js.org
555,care
556,health
557,workers.dev
558,gy
559,com.cy
560,res.in
561,govt.nz
562,com.gr
563,bingo
564,pa
565,service.gov.uk
566,onthewifi.com
567,net.tr
568,gob.mx
569,net.il
570,blogspot.co.id
571,gov.ae
572,com.ec
573,ac.ir
574,sn
575,lc
576,cn.com
577,dyndns.biz
578,sbi
579,k12.ca.us
580,land
581,mz
582,ren
583,s3-website-us-west-2.amazonaws.com
584,review
585,ngrok.io
586,com.mo
587,dz
588,training
589,webcam
590,codes
591,dm
592,gov.tr
593,net.ae
594,na
595,ac.nz
596,tube
597,bet
598,blogspot.in
599,com.es
600,com.om
601,com.af
602,tj.cn
603,bt
604,community
605,lol
606,cd
607,gov.pl
608,exchange
609,bio
610,cam
611,co.tz
612,expert
613,co.at
614,net.sa
615,c.cdn77.org
616,idv.tw
617,kim
618,org.za
619,gdn
620,et
621,rw
622,altervista.org
623,bit
624,co.hu
625,com.gt
626,ind.in
627,gh
628,vet
629,id.us
630,pr
631,ac.za
632,ak.us
633,gouv.fr
634,com.lb
635,kpmg
636,ao
637,racing
638,tx.us
639,global.prod.fastly.net
640,kicks-ass.net
641,canon
642,gov.lk
643,pg
644,gov.il
645,kiev.ua
646,dattolocal.net
647,academy
648,co.ug
649,bw
650,nyc
651,com.pa
652,tf
653,fr.eu.org
654,net.ar
655,co.cr
656,lg.jp
657,biz.vn
658,mc
659,mi.th
660,bm
661,cn-north-1.eb.amazonaws.com.cn
662,tel
663,jm
664,ni
665,vic.gov.au
666,fj
667,s3-website-eu-west-1.amazonaws.com
668,com.bo
669,homelinux.net
670,love
671,army
672,dj
673,bs
674,com.ge
675,in.ua
676,a.run.app
677,edu.tr
678,run.app
679,zm
680,org.pk
681,farm
682,com.gh
683,rhcloud.com
684,social
685,remotewd.com
686,vin
687,taipei
688,mb.ca
689,here
690,london
691,gitlab.io
692,je
693,s3-website-ap-southeast-1.amazonaws.com
694,education
695,gov.za
696,org.il
697,sm
698,vu
699,cab
700,ax
701,edu.ar
702,reliance
703,ky
704,earth
705,museum
706,edu.pl
707,net.ph
708,xin
709,s3-us-gov-west-1.amazonaws.com
710,org.ar
711,org.ua
712,com.sv
713,re.kr
714,ac.il
715,audio
716,ck
717,gov.ru
718,sp.gov.br
719,ath.cx
720,style
721,de.com
722,science
723,sk.ca
724,gov.ar
725,ut.us
726,com.et
727,fl.us
728,com.fj
729,hsbc
730,co.ao
731,s3-eu-central-1.amazonaws.com
732,iq
733,pn
734,total
735,direct
736,glitch.me
737,co.bw
738,mt.us
739,ac.be
740,show
741,ac.rs
742,church
743,com.ni
744,qld.gov.au
745,blogspot.co.uk
746,gr.jp
747,gratis
748,redirectme.net
749,blogspot.tw
750,net.th
751,co.ve
752,express
753,international
754,tax
755,ap-southeast-2.elasticbeanstalk.com
756,edu.co
757,gob.ar
758,fo
759,bj
760,pa.us
761,zip
762,com.am
763,gov.co
764,ru.com
765,wa.gov.au
766,eu.com
767,law
768,null
769,feedback
770,edu.br
771,il.us
772,dyndns.tv
773,hosting
774,blogspot.ca
775,co.mz
776,ls
777,s3-sa-east-1.amazonaws.com
778,blogspot.my
779,com.jo
780,oh.us
781,box
782,co.us
783,nc
784,leadpages.co
785,mi.us
786,domains
787,va
788,fed.us
789,gv.at
790,marketing
791,com.pr
792,ga.us
793,gm
794,s3-website-us-west-1.amazonaws.com
795,tickets
796,in.net
797,msk.ru
798,blackbaudcdn.net
799,cv
800,bb
801,computer
802,goo
803,adv.br
804,edu.sa
805,no-ip.info
806,sl
807,careers
808,co.zm
809,edu.mx
810,gov.ua
811,ma.us
812,org.ph
813,sony
814,edu.mo
815,asn.au
816,blogspot.com.br
817,coffee
818,com.cu
819,org.mx
820,town
821,cg
822,nr
823,pf
824,pr.gov.br
825,pictures
826,sharp
827,ny.us
828,blogspot.com.es
829,com.na
830,org.pl
831,build
832,pink
833,how
834,bf
835,nico
836,sy
837,gov.it
838,ind.br
839,dyndns.info
840,wi.us
841,com.mk
842,com.pt
843,cw
844,garden
845,ac.lk
846,cafe
847,cards
848,bike
849,dog
850,gob.pe
851,net.lb
852,net.za
853,nj.us
854,co.ls
855,net.ru
856,ed.jp
857,partners
858,dn.ua
859,yandex
860,hm
861,blogspot.fr
862,gob.es
863,platformsh.site
864,irish
865,k12.mn.us
866,vi
867,photo
868,co.rs
869,loan
870,mw
871,drive
872,kinghost.net
873,surf
874,dp.ua
875,golf
876,ia.us
877,gi
878,ms.us
879,nc.us
880,safe
881,safety
882,sc.gov.br
883,scot
884,waw.pl
885,blogspot.de
886,com.mv
887,gov.bh
888,s3-eu-west-2.amazonaws.com
889,capital
890,gd.cn
891,k12.mt.us
892,myvnc.com
893,pp.ua
894,engineering
895,s3.eu-west-3.amazonaws.com
896,va.us
897,cloud.fedoraproject.org
898,maori.nz
899,eus
900,b.ssl.fastly.net
901,co.ma
902,lat
903,co.it
904,com.al
905,getmyip.com
906,yolasite.com
907,inf.br
908,org.qa
909,pet
910,edu.ec
911,wy.us
912,amex
913,bloxcms.com
914,id.au
915,accenture
916,azure-mobile.net
917,car
918,ln.cn
919,inc
920,legal
921,r.appspot.com
922,foundation
923,net.ve
924,sch.uk
925,vn.ua
926,info.vn
927,k12.oh.us
928,photography
929,plc.uk
930,com.lk
931,gob.ec
932,gw
933,ltd.uk
934,ns.ca
935,org.eg
936,tg
937,com.vc
938,js.cn
939,sr
940,nsw.edu.au
941,gob.ve
942,blogspot.sg
943,co.com
944,gp
945,sd
946,deals
947,freedesktop.org
948,gov.jo
949,ist
950,net.pe
951,in.us
952,noip.me
953,youtube
954,com.la
955,edu.ua
956,psi.br
957,vic.edu.au
958,br.com
959,ddnsgeek.com
960,go.ke
961,gx.cn
962,jus.br
963,k12.id.us
964,mg.gov.br
965,wmflabs.org
966,ha.cn
967,poznan.pl
968,ads
969,myds.me
970,url.tw
971,wine
972,abbott
973,crs
974,dynv6.net
975,africa
976,bel.tr
977,blogspot.hk
978,asso.fr
979,com.tn
980,sexy
981,zp.ua
982,ac.cr
983,dental
984,menu
985,org.mz
986,gov.kw
987,office
988,promo
989,uy.com
990,gov.bn
991,platform.sh
992,you
993,com.ai
994,com.hn
995,kp
996,net.ba
997,pizza
998,swiss
999,odessa.ua
1000,tuxfamily.org
1001,ye
1002,com.ly
1003,jp.net
1004,kn
1005,debian.net
1006,edu.ru
1007,fish
1008,kiwi
1009,com.hr
1010,directory
1011,energy
1012,eu-west-2.elasticbeanstalk.com
1013,k12.ut.us
1014,net.qa
1015,apple
1016,k12.mi.us
1017,md.us
1018,uk.net
1019,yandexcloud.net
1020,com.ag
1021,fitness
1022,gen.nz
1023,recipes
1024,fund
1025,gallery
1026,nv.us
1027,oz.au
1028,post
1029,realtor
1030,com.ro
1031,td
1032,blogspot.com.au
1033,caspio.com
1034,finance
1035,myftp.org
1036,net.mv
1037,nm.us
1038,sz
1039,edu.eg
1040,mo.us
1041,moscow
1042,or.tz
1043,blogspot.nl
1044,bot
1045,k12.ga.us
1046,k12.ia.us
1047,az.us
1048,gotdns.com
1049,net.do
1050,od.ua
1051,prod
1052,reviews
1053,uni5.net
1054,vision
1055,biz.ua
1056,blogspot.it
1057,gold
1058,gov.mv
1059,k12.il.us
1060,rj.gov.br
1061,select
1062,serveftp.com
1063,storage.yandexcloud.net
1064,us.org
1065,webhop.net
1066,ar.us
1067,discount
1068,lviv.ua
1069,mil.id
1070,net.bn
1071,cisco
1072,consulting
1073,gov.ng
1074,kommune.no
1075,rich
1076,sa.gov.au
1077,dvrdns.org
1078,family
1079,gen.tr
1080,school.nz
1081,co.uz
1082,edu.pe
1083,gov.om
1084,llc
1085,s3-website-ap-southeast-2.amazonaws.com
1086,k12.wy.us
1087,s3-ca-central-1.amazonaws.com
1088,fans
1089,gov.py
1090,rs.gov.br
1091,tas.gov.au
1092,ct.us
1093,ddnsking.com
1094,edu.ng
1095,limited
1096,myftp.biz
1097,al.us
1098,aq
1099,band
1100,blogspot.gr
1101,dnsalias.com
1102,edu.uy
1103,gda.pl
1104,place
1105,blogspot.jp
1106,bz.it
1107,desa.id
1108,ne.kr
1109,srv.br
1110,tv.br
1111,berlin
1112,k12.wi.us
1113,mr
1114,ac.vn
1115,gov.pt
1116,k12.mo.us
1117,nm.cn
1118,uol
1119,flights
1120,glass
1121,gov.ie
1122,ac.ae
1123,edu.qa
1124,eti.br
1125,in.rs
1126,lg.ua
1127,s3-website-ap-northeast-1.amazonaws.com
1128,s3-website.us-east-2.amazonaws.com
1129,fk
1130,go.ug
1131,gov.ma
1132,gov.mn
1133,gu
1134,km
1135,restaurant
1136,tokyo.jp
1137,catholic.edu.au
1138,faith
1139,go.tz
1140,gov.bt
1141,k12.in.us
1142,k12.pa.us
1143,mobile
1144,nt.ca
1145,sc.us
1146,bmw
1147,com.sb
1148,com.sl
1149,film
1150,fj.cn
1151,gob.cl
1152,gop.pk
1153,lr
1154,or.at
1155,org.co
1156,org.ve
1157,selfip.com
1158,green
1159,k12.fl.us
1160,k12.ny.us
1161,kitchen
1162,la.us
1163,camera
1164,carrd.co
1165,com.gi
1166,diet
1167,eco
1168,forsale
1169,gov.eg
1170,haus
1171,k12.tr
1172,or.ke
1173,bplaced.net
1174,co.ua
1175,dreamhosters.com
1176,gov.af
1177,paris
1178,police.uk
1179,servehttp.com
1180,vipsinaapp.com
1181,baidu
1182,kharkov.ua
1183,name.vn
1184,shopping
1185,vt.us
1186,wales
1187,ac.cy
1188,c66.me
1189,co.vi
1190,gleeze.com
1191,net.mt
1192,nh-serv.co.uk
1193,ooguy.com
1194,org.sa
1195,s3-ap-northeast-2.amazonaws.com
1196,weir
1197,ba.gov.br
1198,com.ky
1199,graphics
1200,hi.us
1201,k12.ms.us
1202,keymachine.de
1203,realty
1204,szczecin.pl
1205,ventures
1206,adult
1207,eng.br
1208,fashion
1209,icbc
1210,iobb.net
1211,navy
1212,net.tt
1213,pro.vn
1214,wa.edu.au
1215,web.tr
1216,wroc.pl
1217,ac.ug
1218,co.tt
1219,edu.jo
1220,from-ks.com
1221,institute
1222,krakow.pl
1223,loginto.me
1224,org.mo
1225,repl.co
1226,auto
1227,black
1228,cable-modem.org
1229,com.tj
1230,ddnsfree.com
1231,ks.ua
1232,saxo
1233,64-b.it
1234,blogspot.ru
1235,chambagri.fr
1236,s3-website.ap-northeast-2.amazonaws.com
1237,casino
1238,giize.com
1239,go.cr
1240,mil.br
1241,net.ma
1242,ru.net
1243,solar
1244,tn.us
1245,yk.ca
1246,audi
1247,camp
1248,coach
1249,com.nf
1250,cri.nz
1251,freeddns.org
1252,gen.in
1253,gmbh
1254,gov.cy
1255,taxi
1256,3utilities.com
1257,aw
1258,blog.br
1259,bounceme.net
1260,co.om
1261,gov.la
1262,gov.scot
1263,kh.ua
1264,mi.it
1265,poker
1266,awsmppl.com
1267,edu.lk
1268,fi.it
1269,info.pl
1270,k12.nj.us
1271,med.sa
1272,net.om
1273,org.ng
1274,we.bs
1275,aaa
1276,ac.fj
1277,cloudns.asia
1278,fox
1279,gub.uy
1280,healthcare
1281,net.mk
1282,nu.ca
1283,outsystemscloud.com
1284,theworkpc.com
1285,tours
1286,toys
1287,zgora.pl
1288,clothing
1289,club.tw
1290,co.sz
1291,dep.no
1292,dyndns-server.com
1293,fail
1294,istanbul
1295,k12.nc.us
1296,ngo
1297,parts
1298,servebeer.com
1299,university
1300,zj.cn
1301,co.ae
1302,cq.cn
1303,dance
1304,gov.lb
1305,gov.lv
1306,nl.ca
1307,uw.gov.pl
1308,ac.ke
1309,barcelona
1310,blogspot.com.tr
1311,clinic
1312,edu.it
1313,go.gov.br
1314,gov.az
1315,gov.kz
1316,java
1317,km.ua
1318,n4t.co
1319,net.rw
1320,poltava.ua
1321,to.it
1322,brother
1323,ce.gov.br
1324,co.ir
1325,de.us
1326,edu.eu.org
1327,fedorapeople.org
1328,gob.bo
1329,k12.va.us
1330,net.py
1331,org.pe
1332,s3-website.ap-south-1.amazonaws.com
1333,sa.edu.au
1334,tur.br
1335,wedding
1336,za.net
1337,accountant
1338,cloudaccess.net
1339,gov.ir
1340,homelinux.org
1341,k12.az.us
1342,k12.co.us
1343,med.br
1344,ne.us
1345,ok.us
1346,pe.kr
1347,radio
1348,s3.dualstack.ap-south-1.amazonaws.com
1349,sa.com
1350,sumy.ua
1351,xn--p1acf
1352,yoga
1353,cu.cc
1354,gob.sv
1355,k12.ar.us
1356,nx.cn
1357,opole.pl
1358,properties
1359,te.ua
1360,biz.pl
1361,dynalias.com
1362,edu.ve
1363,hamburg
1364,if.ua
1365,insure
1366,koeln
1367,ks.us
1368,mq
1369,org.es
1370,qld.edu.au
1371,bayern
1372,cheap
1373,com.lr
1374,dating
1375,dyndns.ws
1376,es.gov.br
1377,gov.sy
1378,pa.gov.br
1379,seoul.kr
1380,ac.ru
1381,boutique
1382,cci.fr
1383,com.gu
1384,df.gov.br
1385,er
1386,gmail
1387,gov.al
1388,gov.rs
1389,hk.org
1390,in-berlin.de
1391,ky.us
1392,mk.ua
1393,mo.it
1394,olsztyn.pl
1395,baby
1396,bible
1397,com.pf
1398,dynns.com
1399,edu.bh
1400,edu.lb
1401,financial
1402,gov.by
1403,gov.rw
1404,hk.com
1405,homedns.org
1406,med
1407,osaka.jp
1408,pe.ca
1409,rep.kp
1410,s3-website.eu-west-2.amazonaws.com
1411,study
1412,trieste.it
1413,wv.us
1414,blogspot.kr
1415,blogspot.pt
1416,bydgoszcz.pl
1417,com.kp
1418,com.ps
1419,eu-west-3.elasticbeanstalk.com
1420,gf
1421,gob.do
1422,gov.tt
1423,lib.mn.us
1424,net.ec
1425,net.ni
1426,nrw
1427,pro.br
1428,webhop.org
1429,amsterdam
1430,bj.cn
1431,blogspot.hu
1432,ca-central-1.elasticbeanstalk.com
1433,cc.ca.us
1434,com.by
1435,com.km
1436,edu.gr
1437,hk.cn
1438,jl.cn
1439,k12.sc.us
1440,leg.br
1441,ms.gov.br
1442,nctu.me
1443,nfshost.com
1444,srl
1445,toscana.it
1446,uz.ua
1447,zarow.pl
1448,auction
1449,edu.cu
1450,gn
1451,muni.il
1452,nb.ca
1453,net.ly
1454,pl.ua
1455,shoes
1456,star
1457,tm.fr
1458,webredirect.org
1459,wroclaw.pl
1460,azure
1461,ck.ua
1462,cymru
1463,edu.kw
1464,fi.cr
1465,gos.pk
1466,health.nz
1467,k12.al.us
1468,ma.gov.br
1469,sch.qa
1470,vote
1471,ac.zw
1472,bzh
1473,college
1474,discourse.group
1475,dyndns-blog.com
1476,dyndns-ip.com
1477,equipment
1478,md.ci
1479,microsoft
1480,nerdpol.ovh
1481,neustar
1482,no-ip.net
1483,off
1484,org.af
1485,org.rs
1486,organic
1487,padova.it
1488,sapporo.jp
1489,se.gov.br
1490,servegame.com
1491,sx.cn
1492,uberspace.de
1493,uk0.bigv.io
1494,art.br
1495,blogspot.mx
1496,blogspot.se
1497,builders
1498,edu.gh
1499,edu.om
1500,endofinternet.net
1501,gov.ge
1502,gov.tm
1503,jpn.com
1504,lima-city.de
1505,manaus.br
1506,mayfirst.org
1507,mh
1508,net.fj
1509,net.sb
1510,s3.dualstack.us-east-2.amazonaws.com
1511,web.lk
1512,alwaysdata.net
1513,av.tr
1514,barclays
1515,blackfriday
1516,cricket
1517,dnsalias.net
1518,gal
1519,gotdns.org
1520,horse
1521,iki.fi
1522,me.us
1523,nd.us
1524,nh.us
1525,pharmacy
1526,s3.dualstack.ap-northeast-1.amazonaws.com
1527,sa.cr
1528,stuff-4-sale.us
1529,sydney
1530,zagan.pl
1531,blogspot.fi
1532,bo.it
1533,co.rw
1534,coop.br
1535,fastvps-server.com
1536,gb
1537,gov.bs
1538,k12.ct.us
1539,miniserver.com
1540,mywire.org
1541,net.gt
1542,search
1543,softbank
1544,sport
1545,tattoo
1546,anz
1547,arq.br
1548,cnt.br
1549,demon.nl
1550,dynalias.net
1551,gob.gt
1552,gotdns.ch
1553,gov.mk
1554,hl.cn
1555,jdevcloud.com
1556,k12.ne.us
1557,lighting
1558,mom
1559,myfritz.net
1560,net.kw
1561,read
1562,rent
1563,repair
1564,rodeo
1565,rv.ua
1566,s3-website-sa-east-1.amazonaws.com
1567,ski
1568,sky
1569,xn--io0a7i.cn
1570,xn--ses554g
1571,ah.cn
1572,aichi.jp
1573,blogspot.be
1574,cern
1575,citic
1576,edu.et
1577,edu.mn
1578,estate
1579,gov.ba
1580,gov.cl
1581,gov.et
1582,homelinux.com
1583,k12.ak.us
1584,k12.ma.us
1585,melbourne
1586,mil.cn
1587,myjino.ru
1588,org.cy
1589,productions
1590,tatar
1591,co.nl
1592,com.ba
1593,cv.ua
1594,edu.af
1595,game.tw
1596,holiday
1597,immo
1598,kanagawa.jp
1599,llp
1600,net.eg
1601,nra
1602,pp.ru
1603,ra.it
1604,rzeszow.pl
1605,scb
1606,sd.cn
1607,sd.us
1608,sj
1609,sn.cn
1610,ss
1611,supplies
1612,ui.nabu.casa
1613,xn--55qx5d.cn
1614,ac.tz
1615,basketball
1616,blogspot.ch
1617,blogspot.co.il
1618,bologna.it
1619,com.vi
1620,com.vu
1621,dattoweb.com
1622,edu.gt
1623,edu.iq
1624,edu.mt
1625,fedorainfracloud.org
1626,firenze.it
1627,firm.in
1628,gov.do
1629,gov.gr
1630,inf.ua
1631,intel
1632,k12.ky.us
1633,katowice.pl
1634,lublin.pl
1635,mus.br
1636,org.py
1637,pe.gov.br
1638,ro.gov.br
1639,roma.it
1640,servemp3.com
1641,spdns.org
1642,toyota
1643,xn--od0alg.cn
1644,bv
1645,diskstation.me
1646,edu.bo
1647,edu.do
1648,futbol
1649,gov.gh
1650,gov.ps
1651,honda
1652,k12.de.us
1653,lapy.pl
1654,mba
1655,mortgage
1656,nsupdate.info
1657,org.ir
1658,org.mt
1659,schwarz
1660,trust
1661,webhop.me
1662,ac.pa
1663,biz.tr
1664,blogspot.com.ar
1665,blogspot.ro
1666,brasilia.me
1667,co.im
1668,edu.mk
1669,gliwice.pl
1670,holdings
1671,jgora.pl
1672,kyoto.jp
1673,mydrobo.com
1674,nsn.us
1675,ong
1676,org.bt
1677,org.kw
1678,rentals
1679,sncf
1680,static.observableusercontent.com
1681,tgory.pl
1682,withyoutube.com
1683,xn--io0a7i
1684,yahoo
1685,al.gov.br
1686,azurecontainer.io
1687,blogspot.co.at
1688,co.gy
1689,cs.it
1690,eco.br
1691,edu.za
1692,gov.ky
1693,gov.mz
1694,hi.cn
1695,homeunix.com
1696,i234.me
1697,industries
1698,investments
1699,jetzt
1700,jx.cn
1701,lib.ia.us
1702,malopolska.pl
1703,miami
1704,org.lb
1705,org.uy
1706,r.cdn77.net
1707,selfip.net
1708,servecounterstrike.com
1709,vacations
1710,warszawa.pl
1711,wien
1712,appchizi.com
1713,blogdns.net
1714,com.se
1715,coupons
1716,dscloud.me
1717,dyndns-office.com
1718,edu.bn
1719,enterprises
1720,football
1721,gob.ni
1722,hb.cn
1723,jio
1724,lawyer
1725,monash
1726,notaires.fr
1727,observer
1728,pb.gov.br
1729,property
1730,quebec
1731,reisen
1732,sa-east-1.elasticbeanstalk.com
1733,saitama.jp
1734,to.gov.br
1735,abc
1736,al.it
1737,bialystok.pl
1738,blogspot.no
1739,camdvr.org
1740,construction
1741,emilia-romagna.it
1742,forex
1743,geek.nz
1744,gop
1745,lgbt
1746,medecin.fr
1747,net.et
1748,nf.ca
1749,org.mk
1750,pisz.pl
1751,puglia.it
1752,s3-fips-us-gov-west-1.amazonaws.com
1753,vi.it
1754,xn--fiqs8s
1755,blogspot.co.nz
1756,credit
1757,data
1758,dyndns-remote.com
1759,fvg.it
1760,hn.cn
1761,ice
1762,jll
1763,k12.me.us
1764,kr.ua
1765,lpusercontent.com
1766,mil.ru
1767,mypsx.net
1768,next
1769,no.com
1770,now
1771,onrender.com
1772,org.bh
1773,org.bo
1774,phone
1775,ponpes.id
1776,ras.ru
1777,spb.su
1778,tychy.pl
1779,webhosting.be
1780,ac.mz
1781,agr.br
1782,agric.za
1783,b.br
1784,blogsite.org
1785,brussels
1786,cbs
1787,cloudaccess.host
1788,com.kz
1789,edu.ee
1790,engineer
1791,eun.eg
1792,exposed
1793,gz.cn
1794,kred
1795,lib.mi.us
1796,lib.or.us
1797,ltda
1798,luxury
1799,mil.my
1800,mt.gov.br
1801,nom.co
1802,priv.at
1803,s3.dualstack.ap-southeast-2.amazonaws.com
1804,sc.cn
1805,serveblog.net
1806,serveirc.com
1807,servepics.com
1808,servequake.com
1809,xn--80asehdb
1810,act.edu.au
1811,archi
1812,blogspot.dk
1813,catering
1814,contractors
1815,csc
1816,dedyn.io
1817,dy.fi
1818,edu.rs
1819,gob.pa
1820,gov.tl
1821,homeftp.net
1822,kicks-ass.org
1823,komatsu
1824,lib.in.us
1825,magentosite.cloud
1826,markets
1827,media.pl
1828,ms.it
1829,nagoya
1830,naklo.pl
1831,net.gr
1832,open
1833,org.fj
1834,quipelements.com
1835,repl.run
1836,saarland
1837,sandvik
1838,sells-it.net
1839,spdns.de
1840,stufftoread.com
1841,ac.gov.br
1842,ac.ma
1843,amazon
1844,bing
1845,blogspot.ie
1846,cc.or.us
1847,cn-northwest-1.eb.amazonaws.com.cn
1848,cologne
1849,dd-dns.de
1850,donetsk.ua
1851,elblag.pl
1852,gov.bb
1853,gov.bm
1854,gov.mg
1855,k12.la.us
1856,kalisz.pl
1857,lib
1858,lib.co.us
1859,loans
1860,mil.kr
1861,na.it
1862,net.gy
1863,or.ug
1864,org.gh
1865,org.jo
1866,org.ma
1867,org.pt
1868,org.tn
1869,podlasie.pl
1870,sejny.pl
1871,selfip.biz
1872,soy
1873,xn--80adxhks
1874,xn--czr694b
1875,za.com
1876,adm.br
1877,art.pl
1878,basilicata.it
1879,blogspot.ae
1880,ca.it
1881,ceo
1882,co.na
1883,co.pl
1884,com.fr
1885,crimea.ua
1886,damnserver.com
1887,dell
1888,deloitte
1889,edu.sv
1890,etc.br
1891,familyds.com
1892,foo
1893,hokkaido.jp
1894,homes
1895,hopto.me
1896,jor.br
1897,kiwi.nz
1898,lutsk.ua
1899,memset.net
1900,mielec.pl
1901,mil.ph
1902,milano.it
1903,okinawa
1904,org.do
1905,org.na
1906,org.zw
1907,oz
1908,pg.it
1909,pi.gov.br
1910,pulawy.pl
1911,re.it
1912,s3.dualstack.eu-central-1.amazonaws.com
1913,se.net
1914,tur.ar
1915,vanguard
1916,walbrzych.pl
1917,weber
1918,actor
1919,africa.com
1920,ap.gov.br
1921,attorney
1922,campania.it
1923,capetown
1924,cloudns.cc
1925,cn.ua
1926,co.me
1927,com.gn
1928,com.zm
1929,comcast
1930,compute.amazonaws.com
1931,dentist
1932,drayddns.com
1933,edu.kz
1934,eu.int
1935,gdynia.pl
1936,gent
1937,gov.zm
1938,hiroshima.jp
1939,hotmail
1940,idv.hk
1941,jnj
1942,kherson.ua
1943,kolobrzeg.pl
1944,krd
1945,legnica.pl
1946,lib.md.us
1947,lidl
1948,luxe
1949,mo.cn
1950,myiphost.com
1951,net.uy
1952,or.cr
1953,piemonte.it
1954,plumbing
1955,realestate
1956,rugby
1957,sampa.br
1958,school.za
1959,sklep.pl
1960,tn.it
1961,vr.it
1962,associates
1963,bargains
1964,blogdns.com
1965,blogspot.cz
1966,cc.ia.us
1967,com.ht
1968,com.kg
1969,courses
1970,cr.it
1971,degree
1972,doctor
1973,dsmynas.com
1974,dyndns-home.com
1975,fin.ec
1976,game-server.cc
1977,gov.dz
1978,gov.fj
1979,gov.kg
1980,hyogo.jp
1981,imb.br
1982,info.ve
1983,is-a-geek.org
1984,it.ao
1985,jcb
1986,joburg
1987,k12.nm.us
1988,k12.ok.us
1989,klodzko.pl
1990,loseyourip.com
1991,man
1992,myddns.rocks
1993,name.ng
1994,net.pa
1995,nieruchomosci.pl
1996,nom.br
1997,org.gr
1998,org.ro
1999,podzone.org
2000,point2this.com
2001,prd.fr
2002,rn.gov.br
2003,s3-website.ca-central-1.amazonaws.com
2004,salon
2005,samsung
2006,security
2007,serveminecraft.net
2008,sosnowiec.pl
2009,tirol
2010,torino.it
2011,ulsan.kr
2012,um.gov.pl
2013,website.yandexcloud.net
2014,xn--czru2d
2015,xn--mk1bu44c
2016,aeroport.fr
2017,airforce
2018,aland.fi
2019,boston
2020,cbn
2021,cdn77-ssl.net
2022,cloud.goog
2023,com.sy
2024,does-it.net
2025,doesntexist.com
2026,dscloud.biz
2027,edu.az
2028,edu.ba
2029,edu.bt
2030,edu.sd
2031,for-better.biz
2032,free
2033,from-mo.com
2034,from.hr
2035,game-host.org
2036,gb.net
2037,gniezno.pl
2038,gouv.sn
2039,gov.sb
2040,gov.sd
2041,ilawa.pl
2042,immobilien
2043,k12.vt.us
2044,kyoto
2045,lib.al.us
2046,lib.tx.us
2047,lombardia.it
2048,lu.it
2049,marche.it
2050,mov
2051,mp.br
2052,msd
2053,nagano.jp
2054,name.my
2055,net.kg
2056,net.ki
2057,of.by
2058,okayama.jp
2059,ostroleka.pl
2060,pisa.it
2061,poa.br
2062,pp.se
2063,przeworsk.pl
2064,radom.pl
2065,ri.us
2066,rm.it
2067,shizuoka.jp
2068,si.it
2069,siena.it
2070,slask.pl
2071,so.gov.pl
2072,swiebodzin.pl
2073,va.it
2074,veneto.it
2075,abudhabi
2076,accesscam.org
2077,auto.pl
2078,bg.it
2079,blogspot.com.co
2080,blogspot.sk
2081,bs.it
2082,calabria.it
2083,chiba.jp
2084,claims
2085,cloudns.pro
2086,com.cm
2087,corsica
2088,day
2089,diamonds
2090,dnsfor.me
2091,dynalias.org
2092,edu.py
2093,elk.pl
2094,es.kr
2095,flowers
2096,genova.it
2097,glogow.pl
2098,gob.pk
2099,gripe
2100,gsm.pl
2101,guitars
2102,ham-radio-op.net
2103,i.ph
2104,is-a-geek.com
2105,k12.tx.us
2106,kagoshima.jp
2107,karpacz.pl
2108,kumamoto.jp
2109,lib.il.us
2110,madrid
2111,mie.jp
2112,mil.pl
2113,misconfused.org
2114,mragowo.pl
2115,myasustor.com
2116,noip.us
2117,olkusz.pl
2118,org.ge
2119,org.gt
2120,org.ly
2121,org.sz
2122,ostrowiec.pl
2123,palermo.it
2124,pila.pl
2125,podzone.net
2126,polkowice.pl
2127,ruhr
2128,sch.lk
2129,servebbs.com
2130,serveftp.net
2131,serveftp.org
2132,shimane.jp
2133,skype
2134,slupsk.pl
2135,smart
2136,starachowice.pl
2137,swidnica.pl
2138,thruhere.net
2139,ufcfan.org
2140,villas
2141,voyage
2142,wloclawek.pl
2143,xn--6frz82g
2144,xn--90ais
2145,xn--vuq861b
2146,a.prod.fastly.net
2147,ae.org
2148,airtel
2149,apartments
2150,apigee.io
2151,beskidy.pl
2152,bialowieza.pl
2153,builtwithdark.com
2154,busan.kr
2155,career
2156,cieszyn.pl
2157,com.az
2158,com.bs
2159,compute-1.amazonaws.com
2160,czest.pl
2161,dnsdojo.net
2162,docs
2163,ed.cr
2164,edu.mv
2165,edu.ni
2166,edu.ps
2167,edu.pt
2168,fortal.br
2169,freesite.host
2170,gifu.jp
2171,gouv.bj
2172,gov.iq
2173,gov.me
2174,history.museum
2175,homeoffice.gov.uk
2176,ibaraki.jp
2177,info.hu
2178,info.tr
2179,ing
2180,iwate.jp
2181,kaufen
2182,kobierzyce.pl
2183,kutno.pl
2184,lebork.pl
2185,lib.ar.us
2186,map
2187,mielno.pl
2188,mil.co
2189,mn.it
2190,moda
2191,name.tr
2192,net.ng
2193,net.sy
2194,olecko.pl
2195,org.ls
2196,org.zm
2197,parliament.nz
2198,per.sg
2199,physio
2200,pruszkow.pl
2201,rehab
2202,sardegna.it
2203,sbs
2204,schule
2205,servehalflife.com
2206,shiksha
2207,shop.hu
2208,tatamotors
2209,web.pk
2210,webhop.info
2211,xen.prgmr.com
2212,xn--54b7fta0cc
2213,xn--h2brj9c
2214,xn--hxt814e
2215,xn--j1amh
2216,xn--j6w193g
2217,yn.cn
2218,zgorzelec.pl
2219,zt.ua
2220,aid.pl
2221,akita.jp
2222,ar.com
2223,atm.pl
2224,babia-gora.pl
2225,bitballoon.com
2226,blogspot.pe
2227,boleslawiec.pl
2228,call
2229,casacam.net
2230,cc.fl.us
2231,cc.la.us
2232,chirurgiens-dentistes.fr
2233,ciscofreak.com
2234,cleaning
2235,co.no
2236,cuisinella
2237,curitiba.br
2238,dad
2239,dlugoleka.pl
2240,edu.pf
2241,firewall-gateway.de
2242,firewall-gateway.net
2243,freeboxos.fr
2244,fukushima.jp
2245,gb.com
2246,ge.it
2247,gov.gi
2248,gov.ki
2249,gov.tn
2250,gs.cn
2251,gv.ao
2252,he.cn
2253,hs.kr
2254,id.lv
2255,is-a-doctor.com
2256,is-a-photographer.com
2257,ismaili
2258,k12.ks.us
2259,k12.md.us
2260,kartuzy.pl
2261,kazimierz-dolny.pl
2262,ketrzyn.pl
2263,kochi.jp
2264,konskowola.pl
2265,lease
2266,li.it
2267,lib.la.us
2268,like
2269,limanowa.pl
2270,malbork.pl
2271,miasta.pl
2272,mil.by
2273,nom.es
2274,nom.pl
2275,nowaruda.pl
2276,orange
2277,org.im
2278,org.la
2279,org.rw
2280,ostroda.pl
2281,perugia.it
2282,pin
2283,pr.it
2284,prochowice.pl
2285,pv.it
2286,radio.br
2287,rawa-maz.pl
2288,realestate.pl
2289,rio.br
2290,s3-eu-west-3.amazonaws.com
2291,s5y.io
2292,sa.it
2293,sci.eg
2294,secure
2295,selfip.info
2296,selfip.org
2297,sew
2298,sicilia.it
2299,soccer
2300,square7.ch
2301,targi.pl
2302,tcp4.me
2303,townnews-staging.com
2304,tula.su
2305,turek.pl
2306,tw.cn
2307,twmail.org
2308,vgs.no
2309,viajes
2310,warmia.pl
2311,web.ve
2312,web.za
2313,wegrow.pl
2314,wlocl.pl
2315,woodside
2316,wpdevcloud.com
2317,xn--80aswg
2318,xn--o3cw4h
2319,yokohama
2320,za.org
2321,zachpomor.pl
2322,ac.mu
2323,accountants
2324,ag.it
2325,alibaba
2326,aomori.jp
2327,art.museum
2328,augustow.pl
2329,avellino.it
2330,blogspot.co.za
2331,bmoattachments.org
2332,cba
2333,com.bt
2334,com.ee
2335,com.im
2336,com.to
2337,com.uz
2338,country
2339,ddnss.de
2340,def.br
2341,dnsalias.org
2342,dweb.link
2343,dyn
2344,edu.es
2345,floripa.br
2346,for-our.info
2347,ftpaccess.cc
2348,furniture
2349,gorlice.pl
2350,gouv.ml
2351,gov.lt
2352,gov.mw
2353,gov.pr
2354,gov.to
2355,gov.ws
2356,gov.zw
2357,hockey
2358,hot
2359,is-a-chef.com
2360,jampa.br
2361,jewelry
2362,k12.nv.us
2363,lib.de.us
2364,lib.ut.us
2365,limo
2366,mc.it
2367,mil.nz
2368,napoli.it
2369,nara.jp
2370,net.bo
2371,office-on-the.net
2372,org.hn
2373,org.sv
2374,pa.it
2375,pay
2376,pid
2377,pomorskie.pl
2378,pt.it
2379,s3.dualstack.ap-northeast-2.amazonaws.com
2380,s3.dualstack.sa-east-1.amazonaws.com
2381,sch.ng
2382,schools.nsw.edu.au
2383,stargard.pl
2384,sucks
2385,target
2386,tas.edu.au
2387,tec.ve
2388,toyama.jp
2389,tv.it
2390,ud.it
2391,unusualperson.com
2392,vet.br
2393,vinnica.ua
2394,vt.it
2395,wielun.pl
2396,workisboring.com
2397,xn--6qq986b3xl
2398,xn--l1acc
2399,ac.me
2400,afl
2401,alsace
2402,alt.za
2403,am.gov.br
2404,arts.museum
2405,ba.it
2406,barclaycard
2407,bedzin.pl
2408,blogspot.cl
2409,blogspot.co.ke
2410,blogspot.com.ee
2411,bom
2412,cars
2413,cc.al.us
2414,cc.wa.us
2415,ce.it
2416,cfa
2417,chase
2418,cn.it
2419,co.je
2420,com.lc
2421,contact
2422,cooking
2423,ct.it
2424,dh.bytemark.co.uk
2425,dnsdojo.com
2426,dontexist.com
2427,dot
2428,durban
2429,dyndns-at-work.com
2430,dyndns-free.com
2431,edu.la
2432,ehime.jp
2433,fe.it
2434,fishing
2435,fm.br
2436,from-mn.com
2437,gdansk.pl
2438,geekgalaxy.com
2439,gob.hn
2440,gouv.ci
2441,gov.bf
2442,gov.lr
2443,gov.vc
2444,gr.com
2445,hiv
2446,homeunix.net
2447,homeunix.org
2448,i2p
2449,is-a-geek.net
2450,is-saved.org
2451,ishikawa.jp
2452,jaworzno.pl
2453,knowsitall.info
2454,landrover
2455,lazio.it
2456,lib.me.us
2457,lib.oh.us
2458,lomza.pl
2459,lubin.pl
2460,meteorapp.com
2461,mil.pe
2462,mit
2463,miyagi.jp
2464,my-wan.de
2465,mypets.ws
2466,nagasaki.jp
2467,nagoya.jp
2468,nat.tn
2469,net.cu
2470,net.jo
2471,net.mo
2472,org.kp
2473,org.kz
2474,org.tt
2475,pioneer
2476,potenza.it
2477,psc.br
2478,pz.it
2479,qualifioapp.com
2480,rn.it
2481,rnu.tn
2482,sa.gov.pl
2483,sanok.pl
2484,sch.ae
2485,servep2p.com
2486,sf.no
2487,statebank
2488,statefarm
2489,t.se
2490,tdk
2491,tires
2492,tottori.jp
2493,trading
2494,twmail.net
2495,uber.space
2496,umbria.it
2497,zero
2498,12hp.de
2499,abruzzo.it
2500,agrinet.tn
2501,analytics
2502,ar.it
2503,av.it
2504,avocat.fr
2505,basicserver.io
2506,bazar
2507,blogdns.org
2508,blogspot.qa
2509,bytom.pl
2510,cc.il.us
2511,cc.ks.us
2512,cc.nc.us
2513,christmas
2514,co.mw
2515,co.network
2516,co.ni
2517,codespot.com
2518,com.sd
2519,com.so
2520,cpa
2521,dni.us
2522,dnsdojo.org
2523,dsmynas.org
2524,dynathome.net
2525,dyndns-web.com
2526,edu.al
2527,edu.ge
2528,edu.ly
2529,edu.mg
2530,emr.it
2531,enterprisecloud.nu
2532,esp.br
2533,florist
2534,forgot.his.name
2535,fr.it
2536,from-id.com
2537,fukui.jp
2538,fukuoka.jp
2539,gives
2540,gmx
2541,got
2542,gov.mu
2543,gov.sc
2544,gov.sh
2545,gov.ve
2546,greta.fr
2547,gunma.jp
2548,hiphop
2549,hiratsuka.kanagawa.jp
2550,hitachi
2551,homeftp.org
2552,idf.il
2553,ikano
2554,ikeda.osaka.jp
2555,inf.cu
2556,insurance
2557,is-an-artist.com
2558,is-certified.com
2559,isa-geek.net
2560,k12.il
2561,konin.pl
2562,kyiv.ua
2563,lib.fl.us
2564,lib.ks.us
2565,lib.ny.us
2566,likes-pie.com
2567,livorno.it
2568,lucca.it
2569,mazury.pl
2570,med.pl
2571,memorial
2572,messina.it
2573,mil.no
2574,mil.uy
2575,miyazaki.jp
2576,mobi.ng
2577,modena.it
2578,ms.kr
2579,msk.su
2580,net.la
2581,nom.fr
2582,nov.ru
2583,nt.edu.au
2584,nysa.pl
2585,oita.jp
2586,okinawa.jp
2587,on-web.fr
2588,org.et
2589,org.me
2590,org.mw
2591,ota.tokyo.jp
2592,pd.it
2593,pointto.us
2594,ppg.br
2595,priv.no
2596,qh.cn
2597,rio
2598,rwe
2599,rybnik.pl
2600,s3-website.eu-west-3.amazonaws.com
2601,sarl
2602,scrapping.cc
2603,servebbs.net
2604,servehumour.com
2605,skoczow.pl
2606,sm.ua
2607,space-to-rent.com
2608,sr.gov.pl
2609,storage
2610,store.ro
2611,taobao
2612,tennis
2613,tienda
2614,transurl.nl
2615,tv.tr
2616,venezia.it
2617,vlaanderen
2618,vladimir.ru
2619,xn--3bst00m
2620,xs4all.space
2621,xz.cn
2622,yokosuka.kanagawa.jp
2623,ac.im
2624,aco
2625,adobeaemcloud.com
2626,android
2627,aq.it
2628,bhz.br
2629,bihoro.hokkaido.jp
2630,biz.pk
2631,bl.it
2632,blogspot.al
2633,blogspot.com.ng
2634,blogspot.rs
2635,bn.it
2636,book
2637,caxias.br
2638,cc.az.us
2639,cc.ua
2640,cechire.com
2641,chieti.it
2642,co.business
2643,co.cz
2644,co.gg
2645,co.mu
2646,com.dz
2647,com.mu
2648,com.tm
2649,condos
2650,creditcard
2651,cz.it
2652,database.museum
2653,dc.us
2654,definima.net
2655,diy
2656,doesntexist.org
2657,dvrcam.info
2658,dyndns-at-home.com
2659,dyndns-work.com
2660,edogawa.tokyo.jp
2661,edu.dz
2662,edu.hn
2663,edu.kg
2664,edu.ml
2665,ens.tn
2666,eu-2.evennode.com
2667,fc.it
2668,fg.it
2669,firmdale
2670,fot.br
2671,from-co.net
2672,from-ia.com
2673,from-nh.com
2674,from-ok.com
2675,from-sc.com
2676,gay
2677,gmina.pl
2678,go.dyndns.org
2679,gouv.ht
2680,gov.cm
2681,gov.kn
2682,gov.ml
2683,gov.mr
2684,gov.ms
2685,gov.sl
2686,gr.it
2687,hobby-site.com
2688,is-a-designer.com
2689,is-a-hunter.com
2690,is-a-personaltrainer.com
2691,is-a-soxfan.org
2692,is-a-teacher.com
2693,is-an-accountant.com
2694,is-an-engineer.com
2695,is-leet.com
2696,is-lost.org
2697,is-very-evil.org
2698,isa-geek.org
2699,izumo.shimane.jp
2700,k12.vi
2701,kawasaki.jp
2702,lego
2703,lib.ca.us
2704,lolipop.io
2705,maison
2706,mantova.it
2707,matsumoto.nagano.jp
2708,med.ec
2709,moi
2710,my-firewall.org
2711,mymediapc.net
2712,myphotos.cc
2713,mytuleap.com
2714,net.ge
2715,net.ml
2716,no-ip.ca
2717,oracle
2718,org.al
2719,org.bb
2720,org.ky
2721,org.lk
2722,org.mv
2723,pc.pl
2724,pi.it
2725,piacenza.it
2726,pistoia.it
2727,play
2728,pn.it
2729,podhale.pl
2730,port.fr
2731,reit
2732,rimini.it
2733,room
2734,save
2735,sch.ir
2736,servegame.org
2737,shiga.jp
2738,so.it
2739,sohu
2740,soka.saitama.jp
2741,sopot.pl
2742,sp.leg.br
2743,spot
2744,surgery
2745,suwalki.pl
2746,sv.it
2747,teva
2748,theater
2749,tm.pl
2750,toray
2751,vc.it
2752,ve.it
2753,vic.au
2754,virtualserver.io
2755,vlog.br
2756,windows
2757,xj.cn
2758,xn--42c2d9a
2759,xn--9dbq2a
2760,xn--q9jyb4c
2761,xn--tckwe
2762,yamagata.jp
2763,yokohama.jp
2764,0emm.com
2765,4lima.de
2766,ac.mw
2767,aig
2768,aizuwakamatsu.fukushima.jp
2769,akita.akita.jp
2770,an.it
2771,ap.it
2772,atsugi.kanagawa.jp
2773,bari.it
2774,bauhaus
2775,bbc
2776,bbs.tr
2777,bcn
2778,beauty
2779,bergamo.it
2780,better-than.tv
2781,blogsite.xyz
2782,blogspot.ba
2783,blogspot.com.uy
2784,blogspot.lu
2785,blogspot.md
2786,blogspot.mk
2787,blogspot.sn
2788,blogsyte.com
2789,bnr.la
2790,boats
2791,booking
2792,bplaced.de
2793,bsb.br
2794,bugatti
2795,bunkyo.tokyo.jp
2796,c.la
2797,cal
2798,cc.id.us
2799,cc.mi.us
2800,cc.ms.us
2801,cc.oh.us
2802,cc.tx.us
2803,citi
2804,cloudns.org
2805,co.ca
2806,co.cm
2807,co.tj
2808,com.iq
2809,com.nr
2810,com.tt
2811,cyon.site
2812,ddnss.org
2813,democrat
2814,dnsup.net
2815,dontexist.org
2816,doomdns.com
2817,dyndns-mail.com
2818,eat
2819,edu.me
2820,edu.mz
2821,edu.sl
2822,edu.sy
2823,edu.zm
2824,emp.br
2825,est-a-la-maison.com
2826,fin.tn
2827,forumz.info
2828,from-tn.com
2829,g12.br
2830,gangwon.kr
2831,gap
2832,gets-it.net
2833,gotpantheon.com
2834,gov.dm
2835,gov.ec
2836,gov.gy
2837,gov.lc
2838,gov.ls
2839,hbo
2840,hepforge.org
2841,home.dyndns.org
2842,hospital
2843,incheon.kr
2844,info.ec
2845,info.ro
2846,is-a-hard-worker.com
2847,is-a-landscaper.com
2848,is-by.us
2849,is-found.org
2850,is-into-anime.com
2851,is-into-cars.com
2852,isa-geek.com
2853,iwi.nz
2854,izumisano.osaka.jp
2855,jamison.museum
2856,k12.dc.us
2857,k12.nh.us
2858,kakegawa.shizuoka.jp
2859,kita.tokyo.jp
2860,kobe.jp
2861,kr.com
2862,lanxess
2863,lcube-server.de
2864,leclerc
2865,lib.ak.us
2866,lib.vt.us
2867,likescandy.com
2868,london.museum
2869,mango
2870,matsuyama.ehime.jp
2871,me.it
2872,merseine.nu
2873,mil.ar
2874,mil.ec
2875,mil.lv
2876,mil.ng
2877,mil.tw
2878,mil.za
2879,mt.it
2880,museum.no
2881,mutual
2882,myactivedirectory.com
2883,mypi.co
2884,nakatsugawa.gifu.jp
2885,neat-url.com
2886,nerima.tokyo.jp
2887,net.bt
2888,net.eu.org
2889,net.ir
2890,net.nr
2891,net.pt
2892,niigata.jp
2893,nike
2894,not.br
2895,now-dns.net
2896,odo.br
2897,ong.br
2898,online.th
2899,org.ae
2900,org.gg
2901,org.hu
2902,org.je
2903,org.kg
2904,org.ni
2905,org.pa
2906,org.so
2907,ownprovider.com
2908,pc.it
2909,pe.it
2910,pictet
2911,ping
2912,po.it
2913,politie
2914,prato.it
2915,pro.ec
2916,prof
2917,pru
2918,rc.it
2919,rec.br
2920,rg.it
2921,rmit
2922,salerno.it
2923,sc.ke
2924,sc.ug
2925,sendai.jp
2926,shop.pl
2927,singles
2928,song
2929,ss.it
2930,suzuki
2931,swidnik.pl
2932,tab
2933,takatsuki.osaka.jp
2934,temasek
2935,temp-dns.com
2936,tmall
2937,tokushima.jp
2938,toolforge.org
2939,toyota.aichi.jp
2940,tui
2941,us-3.evennode.com
2942,uzhgorod.ua
2943,vda.it
2944,verona.it
2945,vix.br
2946,vm.bytemark.co.uk
2947,vodka
2948,wakayama.jp
2949,walter
2950,wiki.br
2951,wow
2952,xerox
2953,xn--55qx5d
2954,xn--55qx5d.xn--j6w193g
2955,xn--d1acj3b
2956,xn--g2xx48c
2957,xn--mgberp4a5d4ar
2958,xn--ngbc5azd
2959,yamanashi.jp
2960,yao.osaka.jp
2961,1kapp.com
2962,a.se
2963,ac.ls
2964,ac.rw
2965,ac.se
2966,advisor.ws
2967,ako.hyogo.jp
2968,amsw.nl
2969,anjo.aichi.jp
2970,ap.gov.pl
2971,asahi.chiba.jp
2972,asti.it
2973,at-band-camp.net
2974,at.it
2975,aviation.museum
2976,axa
2977,azumino.nagano.jp
2978,bbs
2979,bbt
2980,beep.pl
2981,belluno.it
2982,biz.at
2983,blogspot.am
2984,blogspot.bg
2985,blogspot.hr
2986,blogspot.lt
2987,boldlygoingnowhere.org
2988,broker
2989,bungotakada.oita.jp
2990,buy
2991,cagliari.it
2992,cb.it
2993,cc.wy.us
2994,ch.it
2995,channelsdvr.net
2996,chigasaki.kanagawa.jp
2997,ci.it
2998,cim.br
2999,cl.it
3000,cloudcontrolapp.com
3001,co.education
3002,coal.museum
3003,coin
3004,collegefan.org
3005,com.io
3006,com.ki
3007,com.ml
3008,com.st
3009,com.ws
3010,cremona.it
3011,cruises
3012,customer.speedpartner.de
3013,cya.gg
3014,ddnslive.com
3015,delta
3016,dnsiskinky.com
3017,dnsupdate.info
3018,doomdns.org
3019,dvag
3020,dyn-o-saur.com
3021,dynvpn.de
3022,eating-organic.net
3023,edu.bb
3024,edu.gi
3025,edu.kp
3026,edu.krd
3027,en.it
3028,ericsson
3029,experts-comptables.fr
3030,fage
3031,familyds.net
3032,far.br
3033,fast
3034,fedex
3035,fhsk.se
3036,film.hu
3037,final
3038,fire
3039,fly
3040,folkebibl.no
3041,for-the.biz
3042,ford
3043,from-ak.com
3044,from-ca.com
3045,from-dc.com
3046,from-in.com
3047,from-or.com
3048,from-vt.com
3049,from-wa.com
3050,fuji.shizuoka.jp
3051,fukui.fukui.jp
3052,fur
3053,furukawa.miyagi.jp
3054,geometre-expert.fr
3055,gifu.gifu.jp
3056,gnu
3057,gokase.miyazaki.jp
3058,gov.ee
3059,gov.gn
3060,gov.kp
3061,gov.ly
3062,gov.pn
3063,gov.so
3064,grajewo.pl
3065,half.host
3066,hicam.net
3067,hirono.iwate.jp
3068,hisamitsu
3069,hobby-site.org
3070,home-webserver.de
3071,hu.com
3072,ibm
3073,ieee
3074,ifm
3075,im.it
3076,imabari.ehime.jp
3077,ip6.arpa
3078,iruma.saitama.jp
3079,is-a-chef.net
3080,is-a-musician.com
3081,is-a-nurse.com
3082,is-a-patsfan.org
3083,is-a-rockstar.com
3084,is-a-student.com
3085,is-an-actor.com
3086,is-an-entertainer.com
3087,is-slick.com
3088,is-uberleet.com
3089,is-very-good.org
3090,is.it
3091,isahaya.nagasaki.jp
3092,isteingeek.de
3093,itv
3094,ivanovo.su
3095,iwakura.aichi.jp
3096,iz.hr
3097,jot
3098,joy
3099,juegos
3100,kagawa.jp
3101,karuizawa.nagano.jp
3102,kasama.ibaraki.jp
3103,kawakami.nagano.jp
3104,kawanishi.hyogo.jp
3105,kep.tr
3106,kerrylogistics
3107,kishiwada.osaka.jp
3108,kitakyushu.jp
3109,krasnik.pl
3110,lamborghini
3111,law.za
3112,le.it
3113,leitungsen.de
3114,lib.ee
3115,lib.ma.us
3116,lib.mo.us
3117,lib.ms.us
3118,lib.nc.us
3119,lib.ne.us
3120,lib.nh.us
3121,lib.nj.us
3122,liguria.it
3123,lt.ua
3124,ltd.ua
3125,lugansk.ua
3126,macerata.it
3127,mb.it
3128,meguro.tokyo.jp
3129,metlife
3130,mex.com
3131,mg.leg.br
3132,micro
3133,mihama.wakayama.jp
3134,mil.al
3135,mil.do
3136,mil.hn
3137,mil.qa
3138,minamiboso.chiba.jp
3139,minato.tokyo.jp
3140,mini
3141,miyazaki.miyazaki.jp
3142,mlbfan.org
3143,mls
3144,molise.it
3145,moriya.ibaraki.jp
3146,mozilla-iot.org
3147,mt.leg.br
3148,muroto.kochi.jp
3149,my-router.de
3150,mydissent.net
3151,myfirewall.org
3152,mypep.link
3153,nab
3154,nakanoto.ishikawa.jp
3155,narita.chiba.jp
3156,neo
3157,net-freaks.com
3158,net.ag
3159,net.gn
3160,net.ms
3161,net.so
3162,net.to
3163,net.zm
3164,netflix
3165,nic.tj
3166,nikolaev.ua
3167,nis.za
3168,nishio.aichi.jp
3169,no.it
3170,nom.vc
3171,nom.za
3172,novara.it
3173,ntdll.top
3174,ntr.br
3175,off.ai
3176,okawa.kochi.jp
3177,olawa.pl
3178,omega
3179,on-aptible.com
3180,on-rio.io
3181,or.it
3182,org.ag
3183,org.az
3184,org.bw
3185,org.lv
3186,org.mn
3187,org.sd
3188,org.se
3189,osaka
3190,ostrowwlkp.pl
3191,otsu.shiga.jp
3192,ott
3193,oya.to
3194,parma.it
3195,pescara.it
3196,pnc
3197,pomorze.pl
3198,potager.org
3199,prudential
3200,pu.it
3201,pwc
3202,quicksytes.com
3203,read-books.org
3204,ri.it
3205,ril
3206,rnrt.tn
3207,ro.leg.br
3208,rogers
3209,rovno.ua
3210,rr.gov.br
3211,ryukyu
3212,s.se
3213,s3.dualstack.eu-west-2.amazonaws.com
3214,saga.jp
3215,sagamihara.kanagawa.jp
3216,sakuho.nagano.jp
3217,sandcats.io
3218,sassari.it
3219,sca
3220,science.museum
3221,scrapper-site.net
3222,sener
3223,ses
3224,sfr
3225,shacknet.nu
3226,shinjo.yamagata.jp
3227,si.eu.org
3228,simple-url.com
3229,skin
3230,smile
3231,sos.pl
3232,sr.it
3233,stalowa-wola.pl
3234,stc
3235,sth.ac.at
3236,store.st
3237,suginami.tokyo.jp
3238,suzaka.nagano.jp
3239,szkola.pl
3240,takamatsu.kagawa.jp
3241,takarazuka.hyogo.jp
3242,tarnobrzeg.pl
3243,te.it
3244,terni.it
3245,the.br
3246,tm.se
3247,tochigi.jp
3248,tokai.aichi.jp
3249,tottori.tottori.jp
3250,traeumtgerade.de
3251,trafficplex.cloud
3252,travel.pl
3253,trd.br
3254,trento.it
3255,tsk.tr
3256,tvs
3257,udine.it
3258,us-gov-west-1.elasticbeanstalk.com
3259,user.srcf.net
3260,utsunomiya.tochigi.jp
3261,vicenza.it
3262,video.hu
3263,volyn.ua
3264,voto
3265,vpndns.net
3266,webhop.biz
3267,wodzislaw.pl
3268,wolomin.pl
3269,wtc
3270,www.ro
3271,xfinity
3272,xn--3ds443g
3273,xn--3e0b707e
3274,xn--c1avg
3275,xn--fiqz9s
3276,xn--wcvs22d.xn--j6w193g
3277,yamaguchi.jp
3278,yonezawa.yamagata.jp
3279,yoshikawa.saitama.jp
3280,yun
3281,zakopane.pl
3282,zara
3283,16-b.it
3284,2ix.de
3285,32-b.it
3286,a.bg
3287,aarp
3288,abb
3289,ac.leg.br
3290,ac.zm
3291,adachi.tokyo.jp
3292,agrar.hu
3293,agro.pl
3294,aisho.shiga.jp
3295,akashi.hyogo.jp
3296,al.leg.br
3297,alipay
3298,allfinanz
3299,alstom
3300,alta.no
3301,am.br
3302,amakusa.kumamoto.jp
3303,anamizu.ishikawa.jp
3304,ancona.it
3305,anthropology.museum
3306,aol
3307,aomori.aomori.jp
3308,aosta.it
3309,app.os.fedoraproject.org
3310,apps.lair.io
3311,arab
3312,arezzo.it
3313,arts.ro
3314,asago.hyogo.jp
3315,asahi.toyama.jp
3316,asahikawa.hokkaido.jp
3317,atami.shizuoka.jp
3318,autos
3319,awdev.ca
3320,balena-devices.com
3321,banamex
3322,barrel-of-knowledge.info
3323,bbva
3324,bcg
3325,belem.br
3326,bir.ru
3327,biz.tj
3328,blogspot.com.by
3329,blogspot.com.cy
3330,blogspot.com.eg
3331,blogspot.com.mt
3332,blogspot.is
3333,blogspot.li
3334,blogspot.si
3335,bloomberg
3336,bms
3337,bodo.no
3338,bolt.hu
3339,bolzano.it
3340,bond
3341,boo
3342,boxfuse.io
3343,bplaced.com
3344,bss.design
3345,bt.it
3346,buyshouses.net
3347,case
3348,catania.it
3349,catanzaro.it
3350,cbre
3351,cc.ar.us
3352,cc.md.us
3353,cc.mt.us
3354,cc.ok.us
3355,ceb
3356,cfd
3357,charity
3358,chintai
3359,chiyoda.gunma.jp
3360,chungbuk.kr
3361,chuo.fukuoka.jp
3362,circle
3363,cloudapps.digital
3364,cloudera.site
3365,clubmed
3366,co.cl
3367,co.dk
3368,co.place
3369,co.tm
3370,com.bb
3371,com.bm
3372,com.cw
3373,com.dm
3374,com.gy
3375,com.lv
3376,communications.museum
3377,como.it
3378,coop.py
3379,cosenza.it
3380,crown
3381,cuneo.it
3382,customer.enonic.io
3383,czeladz.pl
3384,de.cool
3385,deal
3386,diskstation.eu
3387,ditchyourip.com
3388,dontexist.net
3389,dr.tr
3390,dscloud.mobi
3391,dsmynas.net
3392,duck
3393,dvr
3394,dyndns-pics.com
3395,dyndns-wiki.com
3396,dynserv.org
3397,e.se
3398,edu.bi
3399,edu.bm
3400,edu.ci
3401,edu.gy
3402,edu.lv
3403,edu.pa
3404,edu.pr
3405,edu.tt
3406,education.tas.edu.au
3407,emiliaromagna.it
3408,endofinternet.org
3409,enonic.io
3410,erni
3411,es.leg.br
3412,esq
3413,est-le-patron.com
3414,eu-4.evennode.com
3415,eu.meteorapp.com
3416,familyds.org
3417,ferrari
3418,firewall-gateway.com
3419,flir
3420,flog.br
3421,florence.it
3422,forli-cesena.it
3423,forum
3424,forum.hu
3425,from-al.com
3426,from-de.com
3427,from-fl.com
3428,from-hi.com
3429,from-mi.com
3430,from-mt.com
3431,from-ne.com
3432,from-nj.com
3433,from-tx.com
3434,from-ut.com
3435,from-va.com
3436,ftr
3437,fujisawa.kanagawa.jp
3438,fukushima.fukushima.jp
3439,fukuyama.hiroshima.jp
3440,funabashi.chiba.jp
3441,futurehosting.at
3442,g.se
3443,gea
3444,genting
3445,george
3446,ginowan.okinawa.jp
3447,globo
3448,go.it
3449,go.leg.br
3450,goiania.br
3451,gov.ac
3452,gov.cu
3453,gov.cx
3454,gov.nc.tr
3455,groks-the.info
3456,grong.no
3457,gru.br
3458,gyeongnam.kr
3459,hachinohe.aomori.jp
3460,hachioji.tokyo.jp
3461,hakuba.nagano.jp
3462,hanamaki.iwate.jp
3463,hashbang.sh
3464,hashima.gifu.jp
3465,hasura-app.io
3466,hdfc
3467,hdfcbank
3468,health.vn
3469,here-for-more.info
3470,hermes
3471,hino.tottori.jp
3472,hinohara.tokyo.jp
3473,hirakata.osaka.jp
3474,hiroo.hokkaido.jp
3475,homesecuritypc.com
3476,hosting-cluster.nl
3477,hoteles
3478,hotels
3479,hyuga.miyazaki.jp
3480,hyundai
3481,i.ng
3482,ibara.okayama.jp
3483,id.ir
3484,iheya.okinawa.jp
3485,ikoma.nara.jp
3486,imizu.toyama.jp
3487,inc.hk
3488,info.az
3489,info.ke
3490,ino.kochi.jp
3491,int.ar
3492,int.vn
3493,intuit
3494,ipiranga
3495,is-a-blogger.com
3496,is-a-bulls-fan.com
3497,is-a-caterer.com
3498,is-a-chef.org
3499,is-a-guru.com
3500,is-a-lawyer.com
3501,is-a-libertarian.com
3502,is-a-player.com
3503,is-an-anarchist.com
3504,is-into-games.com
3505,is-with-theband.com
3506,isa-hockeynut.com
3507,ise.mie.jp
3508,isehara.kanagawa.jp
3509,issmarterthanyou.com
3510,istmein.de
3511,itau
3512,iveco
3513,iwakuni.yamaguchi.jp
3514,izumi.kagoshima.jp
3515,jcp
3516,jdf.br
3517,jeep
3518,jmp
3519,joetsu.niigata.jp
3520,jprs
3521,juniper
3522,k12.tn.us
3523,kaisei.kanagawa.jp
3524,kamakura.kanagawa.jp
3525,kameyama.mie.jp
3526,kamigori.hyogo.jp
3527,kashima.ibaraki.jp
3528,katano.osaka.jp
3529,kawanishi.yamagata.jp
3530,keisen.fukuoka.jp
3531,kepno.pl
3532,kfh
3533,kharkiv.ua
3534,khmelnitskiy.ua
3535,kia
3536,kita.osaka.jp
3537,kitakata.fukushima.jp
3538,kiyokawa.kanagawa.jp
3539,kokubunji.tokyo.jp
3540,komaki.aichi.jp
3541,komono.mie.jp
3542,koshu.yamanashi.jp
3543,kpn
3544,kr.it
3545,kuji.iwate.jp
3546,kunitachi.tokyo.jp
3547,kure.hiroshima.jp
3548,kurobe.toyama.jp
3549,kwpsp.gov.pl
3550,l.se
3551,laspezia.it
3552,law.pro
3553,lc.it
3554,lds
3555,lecce.it
3556,lecco.it
3557,lel.br
3558,lezajsk.pl
3559,lib.ct.us
3560,lib.id.us
3561,lib.ky.us
3562,lib.mt.us
3563,lib.ok.us
3564,lib.sc.us
3565,lib.wa.us
3566,lib.wi.us
3567,lib.wy.us
3568,lilly
3569,lima-city.at
3570,lima.zone
3571,living
3572,lo.it
3573,locus
3574,lodi.it
3575,loft
3576,logoip.de
3577,london.cloudapps.digital
3578,lowicz.pl
3579,lt.it
3580,lukow.pl
3581,m.se
3582,machida.tokyo.jp
3583,makeup
3584,maniwa.okayama.jp
3585,marine.ru
3586,marriott
3587,marugame.kagawa.jp
3588,mat.br
3589,matsudo.chiba.jp
3590,matsusaka.mie.jp
3591,mattel
3592,me.ke
3593,me.so
3594,me.tz
3595,media.hu
3596,meme
3597,mil.cl
3598,mil.gt
3599,mil.ni
3600,mil.tr
3601,mincom.tn
3602,misaki.okayama.jp
3603,mitaka.tokyo.jp
3604,mitsubishi
3605,miura.kanagawa.jp
3606,miyako.iwate.jp
3607,mlb
3608,mma
3609,moonscale.io
3610,mordovia.su
3611,moto
3612,mr.no
3613,mtn
3614,mtr
3615,myeffect.net
3616,mymailer.com.tw
3617,mysecuritycamera.com
3618,n.se
3619,nagano.nagano.jp
3620,nagasaki.nagasaki.jp
3621,naha.okinawa.jp
3622,nahari.kochi.jp
3623,nakai.kanagawa.jp
3624,name.hr
3625,natori.miyagi.jp
3626,nc.tr
3627,ne.tz
3628,net.al
3629,net.bh
3630,net.bs
3631,net.bz
3632,net.cm
3633,net.im
3634,net.ky
3635,net.sd
3636,net.st
3637,net.vc
3638,net.vi
3639,net.ws
3640,nexus
3641,ngo.za
3642,niteroi.br
3643,nohost.me
3644,nom.cl
3645,nom.rs
3646,nom.tj
3647,nov.su
3648,nuoro.it
3649,nym.gr
3650,nym.mx
3651,nym.ro
3652,nym.tw
3653,nyuzen.toyama.jp
3654,o.bg
3655,o.se
3656,of.london
3657,official.academy
3658,oga.akita.jp
3659,ogaki.gifu.jp
3660,ogliastra.it
3661,oiso.kanagawa.jp
3662,okutama.tokyo.jp
3663,ol.no
3664,olbiatempio.it
3665,on-the-web.tv
3666,onjuku.chiba.jp
3667,opencraft.hosting
3668,org.bn
3669,org.cu
3670,org.ht
3671,org.ki
3672,org.om
3673,org.ps
3674,org.sy
3675,org.vu
3676,oslo.no
3677,oss
3678,otama.fukushima.jp
3679,otsuchi.iwate.jp
3680,ownip.net
3681,panasonic
3682,parliament.cy
3683,pavia.it
3684,pe.leg.br
3685,per.la
3686,pfizer
3687,phd
3688,philips
3689,playstation
3690,plo.ps
3691,po.gov.pl
3692,pr.leg.br
3693,pri.ee
3694,prime
3695,qc.com
3696,qld.au
3697,qpon
3698,qsl.br
3699,ranzan.saitama.jp
3700,readmyblog.org
3701,red.sv
3702,reggio-calabria.it
3703,riik.ee
3704,rl.no
3705,rn.leg.br
3706,ro.it
3707,rr.leg.br
3708,s3.dualstack.ca-central-1.amazonaws.com
3709,saku.nagano.jp
3710,sakura
3711,salvador.br
3712,samukawa.kanagawa.jp
3713,sanofi
3714,santamaria.br
3715,sas
3716,sasaguri.fukuoka.jp
3717,sasayama.hyogo.jp
3718,saves-the-whales.com
3719,savona.it
3720,sc.leg.br
3721,sc.tz
3722,sch.sa
3723,schmidt
3724,seat
3725,sebastopol.ua
3726,securitytactics.com
3727,seki.gifu.jp
3728,servebbs.org
3729,setagaya.tokyo.jp
3730,settsu.osaka.jp
3731,shaw
3732,shell
3733,shima.mie.jp
3734,shintoku.hokkaido.jp
3735,shiojiri.nagano.jp
3736,shizukuishi.iwate.jp
3737,shop.ro
3738,siracusa.it
3739,sjc.br
3740,skien.no
3741,slz.br
3742,soja.okayama.jp
3743,sorocaba.br
3744,sp.it
3745,spa
3746,spdns.eu
3747,square7.net
3748,st.no
3749,stackhero-network.com
3750,stockholm
3751,sumida.tokyo.jp
3752,sunagawa.hokkaido.jp
3753,swinoujscie.pl
3754,syncloud.it
3755,syno-ds.de
3756,synology-diskstation.de
3757,synology-ds.de
3758,taishi.osaka.jp
3759,takasaki.gunma.jp
3760,takayama.gifu.jp
3761,takikawa.hokkaido.jp
3762,talk
3763,tc.br
3764,tenkawa.nara.jp
3765,test.ru
3766,tjx
3767,tmp.br
3768,to.leg.br
3769,to.work
3770,toda.saitama.jp
3771,tokorozawa.saitama.jp
3772,toshima.tokyo.jp
3773,toyonaka.osaka.jp
3774,tp.it
3775,tr.it
3776,trycloudflare.com
3777,ts.it
3778,tsu.mie.jp
3779,tsumagoi.gunma.jp
3780,turystyka.pl
3781,tv.bo
3782,u.se
3783,ube.yamaguchi.jp
3784,ubs
3785,ueda.nagano.jp
3786,uji.kyoto.jp
3787,uki.kumamoto.jp
3788,unicom
3789,ups
3790,urayasu.chiba.jp
3791,urown.cloud
3792,usuki.oita.jp
3793,uwu.ai
3794,uzs.gov.pl
3795,v-info.info
3796,ven.it
3797,venice.it
3798,virtual.museum
3799,viva
3800,volkswagen
3801,voting
3802,wada.nagano.jp
3803,wakkanai.hokkaido.jp
3804,warabi.saitama.jp
3805,wassamu.hokkaido.jp
3806,weather
3807,web.do
3808,wed
3809,weibo
3810,whoswho
3811,wios.gov.pl
3812,wiw.gov.pl
3813,wme
3814,writesthisblog.com
3815,x443.pw
3816,xbox
3817,xn--11b4c3d
3818,xn--55qw42g
3819,xn--55qx5d.hk
3820,xn--80ao21a
3821,xn--90a3ac
3822,xn--90ae
3823,xn--c1avg.xn--90a3ac
3824,xn--c2br7g
3825,xn--czrs0t
3826,xn--fiq228c5hs
3827,xn--kput3i
3828,xn--mgba3a4f16a
3829,xn--qxam
3830,xn--rhqv96g
3831,xn--t60b56a
3832,xn--wgbl6a
3833,xn--xhq521b
3834,xn--zfr164b
3835,yachiyo.chiba.jp
3836,yamatotakada.nara.jp
3837,yokote.akita.jp
3838,yugawara.kanagawa.jp
3839,zama.kanagawa.jp
3840,zhitomir.ua
3841,zp.gov.pl
3842,zushi.kanagawa.jp
