1,com
2,net
3,googleapis.com
4,org
5,io
6,cn
7,vn
8,co
9,me
10,tv
11,ms
12,elb.amazonaws.com
13,goog
14,com.vn
15,us
16,jp
17,s3.amazonaws.com
18,sg
19,ru
20,info
21,uk
22,co.uk
23,com.cn
24,cloudapp.net
25,gov
26,ly
27,us-east-1.amazonaws.com
28,xyz
29,online
30,link
31,eu
32,fi
33,de
34,map.fastly.net
35,st
36,news
37,mobi
38,it
39,cc
40,hk
41,appspot.com
42,ws
43,id
44,asia
45,biz
46,club
47,ai
48,my
49,in
50,com.hk
51,app
52,co.jp
53,pw
54,be
55,to
56,pl
57,pro
58,nl
59,cloud
60,azurewebsites.net
61,kr
62,im
63,com.my
64,tw
65,org.cn
66,ca
67,gg
68,sa
69,co.id
70,co.kr
71,th
72,fr
73,au
74,githubusercontent.com
75,co.th
76,com.tw
77,edu
78,ph
79,com.au
80,network
81,global.ssl.fastly.net
82,video
83,tech
84,com.sg
85,site
86,blogspot.com
87,ch
88,media
89,s3-us-west-2.amazonaws.com
90,edu.cn
91,ne.jp
92,top
93,tumblr.com
94,com.ph
95,s3-ap-southeast-1.amazonaws.com
96,elasticbeanstalk.com
97,se
98,gl
99,arpa
100,sh
101,br
102,rsc.cdn77.org
103,es
104,net.vn
105,com.br
106,house
107,nz
108,s3.dualstack.ap-southeast-1.amazonaws.com
109,mil
110,co.nz
111,herokuapp.com
112,market
113,live
114,la
115,github.io
116,fm
117,tk
118,software
119,cloudfunctions.net
120,am
121,us-east-1.elasticbeanstalk.com
122,at
123,mx
124,google
125,dk
126,co.in
127,space
128,cz
129,fastlylb.net
130,gov.vn
131,lu
132,gov.cn
133,vip
134,ie
135,ro
136,tr
137,zone
138,net.id
139,map.fastlylb.net
140,com.tr
141,no
142,in.th
143,dyndns.org
144,email
145,systems
146,jobs
147,withgoogle.com
148,co.za
149,fun
150,name
151,sk
152,bid
153,com.mx
154,is
155,edu.vn
156,gov.hk
157,s3-eu-west-1.amazonaws.com
158,ae
159,ua
160,li
161,win
162,apps.fbsbx.com
163,re
164,go.id
165,lt
166,host
167,ar
168,work
169,pt
170,su
171,gr
172,com.ar
173,si
174,bd
175,ddns.net
176,ir
177,click
178,stream
179,hu
180,services
181,pk
182,icu
183,org.vn
184,gt
185,org.uk
186,bz
187,chat
188,money
189,life
190,ninja
191,int
192,one
193,s3.us-east-2.amazonaws.com
194,rocks
195,net.au
196,s3-us-west-1.amazonaws.com
197,pe
198,tools
199,firebaseapp.com
200,net.cn
201,s3-ap-northeast-1.amazonaws.com
202,today
203,website
204,com.ua
205,so
206,store
207,gov.tw
208,gov.my
209,cl
210,ac.id
211,gle
212,world
213,agency
214,us-west-2.elasticbeanstalk.com
215,by
216,games
217,casa
218,nu
219,shop
220,ee
221,ga
222,onion
223,dev
224,gov.sg
225,studio
226,lk
227,com.pk
228,or.jp
229,gov.br
230,support
231,biz.id
232,org.au
233,best
234,googlecode.com
235,ap-northeast-2.elasticbeanstalk.com
236,xxx
237,net.uk
238,ovh
239,digital
240,duckdns.org
241,or.us
242,eu.org
243,il
244,party
245,al
246,edu.hk
247,np
248,vc
249,trade
250,pub
251,bnpparibas
252,ml
253,moe
254,ac
255,solutions
256,ac.uk
257,bradesco
258,s3-external-1.amazonaws.com
259,edu.tw
260,fyi
261,elb.amazonaws.com.cn
262,s3.eu-central-1.amazonaws.com
263,co.il
264,kz
265,tc
266,go.th
267,bar
268,cx
269,bg
270,com.pe
271,or.kr
272,as
273,global
274,org.hk
275,frl
276,onl
277,cf
278,works
279,page
280,plus
281,ec
282,kg
283,events
284,edu.my
285,kh
286,buzz
287,web.id
288,download
289,wf
290,com.co
291,or.th
292,press
293,ac.th
294,edu.sg
295,cm
296,rs
297,s3.ap-south-1.amazonaws.com
298,cat
299,pm
300,goip.de
301,sinaapp.com
302,do
303,lv
304,netlify.com
305,net.tw
306,sc
307,hn
308,org.tw
309,group
310,blog
311,game
312,watch
313,applinzi.com
314,freetls.fastly.net
315,ad
316,center
317,tl
318,gov.ph
319,guru
320,aws
321,men
322,com.ru
323,gq
324,or.id
325,supply
326,s3-website-us-east-1.amazonaws.com
327,uy
328,ad.jp
329,gov.au
330,wiki
331,edu.au
332,ag
333,technology
334,monster
335,gd
336,hopto.org
337,mo
338,go.kr
339,md
340,ve
341,py
342,gc.ca
343,team
344,mn
345,gs
346,art
347,bn
348,cool
349,mm
350,my.id
351,ac.cn
352,ng
353,com.py
354,ac.jp
355,net.br
356,gov.uk
357,com.uy
358,hr
359,org.ec
360,go.jp
361,eg
362,eu-west-1.elasticbeanstalk.com
363,qa
364,gov.in
365,k12.or.us
366,org.ru
367,management
368,me.uk
369,myqnapcloud.com
370,mp
371,net.co
372,rip
373,net.my
374,rest
375,homeip.net
376,no-ip.info
377,s3.cn-north-1.amazonaws.com.cn
378,ltd
379,wa.us
380,com.bn
381,red
382,desi
383,aero
384,tt
385,herokussl.com
386,bi
387,cr
388,onthewifi.com
389,fan
390,no-ip.biz
391,mg
392,business
393,ne
394,s3.dualstack.us-east-1.amazonaws.com
395,org.nz
396,uz
397,com.ve
398,ke
399,beer
400,help
401,az
402,dnshome.de
403,af
404,ug
405,travel
406,com.eg
407,date
408,ooo
409,ma
410,movie
411,ge
412,vegas
413,com.pl
414,mt
415,wtf
416,s3.ap-northeast-2.amazonaws.com
417,s3.dualstack.eu-west-1.amazonaws.com
418,net.sg
419,wixsite.com
420,blogspot.co.id
421,spb.ru
422,xn--p1ai
423,mu
424,pics
425,ac.kr
426,coop
427,mine.nu
428,tips
429,net.nz
430,delivery
431,ap-southeast-1.elasticbeanstalk.com
432,dhl
433,co.ke
434,sch.id
435,tokyo
436,tj
437,company
438,sx
439,bit
440,com.mt
441,gy
442,design
443,com.gr
444,ap-northeast-1.elasticbeanstalk.com
445,dynu.net
446,pantheonsite.io
447,show
448,sv
449,s3-ap-southeast-2.amazonaws.com
450,now.sh
451,s3.eu-west-2.amazonaws.com
452,ki
453,co.hu
454,com.bz
455,sh.cn
456,yt
457,zw
458,com.sa
459,wang
460,us-west-1.elasticbeanstalk.com
461,readthedocs.io
462,ink
463,members.linode.com
464,mk
465,co.zw
466,run
467,bc.ca
468,us-east-2.elasticbeanstalk.com
469,cash
470,eu-central-1.elasticbeanstalk.com
471,gov.mo
472,sb
473,org.sg
474,tickets
475,ci
476,city
477,photos
478,ba
479,om
480,a.ssl.fastly.net
481,sex
482,global.prod.fastly.net
483,net.tr
484,edu.ph
485,no-ip.org
486,in-addr.arpa
487,us.com
488,sytes.net
489,ca.us
490,mv
491,zapto.org
492,mn.us
493,org.br
494,org.my
495,com.ng
496,kozow.com
497,ab.ca
498,nf
499,org.tr
500,com.mo
501,net.pk
502,synology.me
503,tm
504,net.ua
505,cd
506,lpages.co
507,porn
508,bingo
509,com.sh
510,tz
511,net.in
512,sap
513,hosting
514,cy
515,s3-website.eu-central-1.amazonaws.com
516,net.hk
517,care
518,sn
519,dm
520,report
521,bh
522,kim
523,london
524,net.mx
525,kw
526,lc
527,nhs.uk
528,ps
529,on.ca
530,dattolocal.net
531,com.do
532,com.ec
533,cu
534,jo
535,nic.in
536,com.cy
537,bo
538,net.pl
539,va
540,racing
541,tj.cn
542,ntt
543,coffee
544,altervista.org
545,vet
546,zm
547,c.cdn77.org
548,lb
549,service.gov.uk
550,review
551,qc.ca
552,dz
553,ac.in
554,vg
555,vin
556,gov.pk
557,tn
558,pa
559,land
560,blue
561,rhcloud.com
562,gov.tr
563,lol
564,uno
565,ren
566,edu.pk
567,guide
568,sale
569,uk.com
570,net.il
571,codes
572,nyc
573,web.app
574,tube
575,co.tz
576,love
577,kicks-ass.net
578,k12.wa.us
579,org.in
580,s3-website-us-west-2.amazonaws.com
581,ac.at
582,gh
583,ngrok.io
584,rw
585,ac.nz
586,tf
587,com.kw
588,s3.ca-central-1.amazonaws.com
589,pr
590,co.ug
591,bt
592,fit
593,meet
594,com.bh
595,edu.tr
596,gift
597,com.af
598,com.es
599,com.gt
600,gdn
601,tx.us
602,workers.dev
603,school
604,bet
605,bio
606,social
607,ht
608,cn.com
609,xin
610,bw
611,js.org
612,mc
613,dj
614,cg
615,pink
616,ao
617,idv.tw
618,bs
619,ak.us
620,a.run.app
621,build
622,run.app
623,com.ge
624,mz
625,direct
626,govt.nz
627,new
628,edu.pl
629,mi.th
630,canon
631,farm
632,fj
633,gob.mx
634,dog
635,s3-sa-east-1.amazonaws.com
636,co.cr
637,et
638,church
639,com.gh
640,gifts
641,sm
642,ac.ir
643,in.ua
644,de.com
645,net.ar
646,com.pa
647,com.bo
648,community
649,audio
650,na
651,s3-us-east-2.amazonaws.com
652,expert
653,gratis
654,biz.vn
655,vu
656,co.zm
657,ru.com
658,com.qa
659,gov.ru
660,s3-website-ap-southeast-1.amazonaws.com
661,kiev.ua
662,net.sa
663,remotewd.com
664,pg
665,ath.cx
666,je
667,id.us
668,re.kr
669,chrome
670,edu.ar
671,dyndns.tv
672,gov.sa
673,training
674,jm
675,s3-website-eu-west-1.amazonaws.com
676,tax
677,domains
678,org.ua
679,ac.za
680,net.ru
681,webcam
682,academy
683,com.lb
684,co.at
685,express
686,ni
687,ap-southeast-2.elasticbeanstalk.com
688,gouv.fr
689,science
690,ut.us
691,bm
692,com.am
693,net.ae
694,pn
695,vic.gov.au
696,com.fj
697,cam
698,dyndns.biz
699,sk.ca
700,bank
701,ck
702,ind.in
703,net.ph
704,tel
705,cab
706,cn-north-1.eb.amazonaws.com.cn
707,com.sv
708,edu.br
709,exchange
710,qld.gov.au
711,gov.il
712,yandex
713,ln.cn
714,co.ao
715,pictures
716,gov.ar
717,gov.za
718,lg.jp
719,cafe
720,bj
721,co.bw
722,k12.ca.us
723,blogspot.in
724,fl.us
725,dyndns.info
726,in.net
727,sharp
728,iq
729,msk.ru
730,org.il
731,kinghost.net
732,tv.br
733,net.za
734,eu.com
735,blogspot.tw
736,org.ar
737,s3-eu-central-1.amazonaws.com
738,style
739,ac.il
740,bf
741,blogspot.ca
742,cv
743,ls
744,null
745,tg
746,com.cu
747,gm
748,taipei
749,net.th
750,amex
751,kpmg
752,health
753,co.ve
754,org.za
755,redirectme.net
756,s3-us-gov-west-1.amazonaws.com
757,eus
758,gitlab.io
759,org.ph
760,hsbc
761,com.et
762,com.om
763,ky
764,mb.ca
765,blogspot.co.uk
766,cw
767,education
768,gob.ar
769,myds.me
770,surf
771,zip
772,com.ni
773,gov.pl
774,here
775,nico
776,edu.co
777,how
778,wa.gov.au
779,lat
780,sy
781,mw
782,edu.mx
783,law
784,sony
785,com.pr
786,gr.jp
787,nr
788,name.vn
789,co.mz
790,gov.lk
791,hm
792,sch.uk
793,org.pk
794,bike
795,dp.ua
796,edu.mo
797,fish
798,museum
799,s3-ap-south-1.amazonaws.com
800,cloud.fedoraproject.org
801,international
802,ac.be
803,scot
804,myvnc.com
805,co.ls
806,promo
807,sexy
808,edu.sa
809,gov.co
810,irish
811,com.na
812,finance
813,k12.mn.us
814,com.mv
815,gallery
816,sl
817,edu.in
818,ist
819,realtor
820,gov.ae
821,nc
822,photo
823,gx.cn
824,info.vn
825,s3-website-us-west-1.amazonaws.com
826,leadpages.co
827,blogspot.com.br
828,desa.id
829,loan
830,sp.gov.br
831,careers
832,directory
833,fo
834,gov.bn
835,gov.ua
836,mt.us
837,net.ve
838,ny.us
839,pf
840,uy.com
841,co.rs
842,com.de
843,gob.es
844,pet
845,gold
846,maori.nz
847,mi.us
848,com.ag
849,id.au
850,partners
851,vn.ua
852,africa
853,town
854,wi.us
855,car
856,goo
857,net.lb
858,ddnsking.com
859,gob.sv
860,nj.us
861,noip.me
862,org.mx
863,org.pl
864,uol
865,vi
866,ax
867,azure-mobile.net
868,blackbaudcdn.net
869,co.us
870,ga.us
871,garden
872,myftp.org
873,res.in
874,pa.us
875,s3.eu-west-3.amazonaws.com
876,blogspot.my
877,com.jo
878,dynv6.net
879,gi
880,marketing
881,com.la
882,com.mk
883,getmyip.com
884,oh.us
885,box
886,gov.it
887,ind.br
888,wy.us
889,glitch.me
890,homelinux.net
891,institute
892,kp
893,co.ma
894,engineering
895,photography
896,sr
897,asn.au
898,pharmacy
899,blogspot.com.es
900,com.ai
901,debian.net
902,edu.ec
903,ma.us
904,nh-serv.co.uk
905,uni5.net
906,com.pt
907,gd.cn
908,gob.ve
909,gotdns.com
910,js.cn
911,poznan.pl
912,pp.ua
913,blogspot.fr
914,edu.tt
915,energy
916,wmflabs.org
917,bloxcms.com
918,consulting
919,org.ve
920,yolasite.com
921,ap-south-1.elasticbeanstalk.com
922,gen.tr
923,capital
924,crs
925,earth
926,gp
927,kn
928,waw.pl
929,berlin
930,gv.at
931,ha.cn
932,inf.br
933,legal
934,od.ua
935,psi.br
936,youtube
937,blogspot.hk
938,deals
939,gob.pe
940,ads
941,blogspot.de
942,k12.ut.us
943,servehttp.com
944,uk.net
945,url.tw
946,vic.edu.au
947,blogspot.jp
948,il.us
949,jus.br
950,adult
951,blogspot.sg
952,fed.us
953,inc
954,mil.id
955,net.do
956,org.eg
957,sd
958,serveftp.com
959,adv.br
960,c66.me
961,myftp.biz
962,com.al
963,ddnsgeek.com
964,foundation
965,go.ke
966,oz.au
967,vision
968,abbott
969,bb
970,cloudns.asia
971,or.tz
972,yandexcloud.net
973,ye
974,b.ssl.fastly.net
975,com.ly
976,fund
977,net.ba
978,zp.ua
979,br.com
980,giize.com
981,gov.jo
982,k12.mt.us
983,nsw.edu.au
984,platform.sh
985,tokyo.jp
986,com.vc
987,discount
988,family
989,gleeze.com
990,km
991,llc
992,navy
993,net.pe
994,servebeer.com
995,blogspot.com.au
996,edu.eg
997,gen.nz
998,gob.ec
999,ia.us
1000,reviews
