1,google.com
2,microsoft.com
3,netflix.com
4,www.google.com
5,api-global.netflix.com
6,windowsupdate.com
7,facebook.com
8,ctldl.windowsupdate.com
9,data.microsoft.com
10,safebrowsing.googleapis.com
11,doubleclick.net
12,live.com
13,g.doubleclick.net
14,settings-win.data.microsoft.com
15,clients4.google.com
16,prod.netflix.com
17,push.prod.netflix.com
18,googleads.g.doubleclick.net
19,events.data.microsoft.com
20,youtube.com
21,www.facebook.com
22,clientservices.googleapis.com
23,fbcdn.net
24,officeapps.live.com
25,www.googleapis.com
26,googleusercontent.com
27,google-analytics.com
28,graph.facebook.com
29,www.youtube.com
30,update.googleapis.com
31,apple.com
32,mtalk.google.com
33,ytimg.com
34,mp.microsoft.com
35,skype.com
36,xx.fbcdn.net
37,bing.com
38,i.ytimg.com
39,www.google-analytics.com
40,nexusrules.officeapps.live.com
41,play.googleapis.com
42,v10.events.data.microsoft.com
43,ftl.netflix.com
44,prod.ftl.netflix.com
45,googlevideo.com
46,fonts.googleapis.com
47,edge.skype.com
48,config.edge.skype.com
49,nrdp.prod.ftl.netflix.com
50,lh3.googleusercontent.com
51,weather.microsoft.com
52,login.live.com
53,office365.com
54,googleadservices.com
55,googlesyndication.com
56,accounts.google.com
57,aria.microsoft.com
58,pipe.aria.microsoft.com
59,tile-service.weather.microsoft.com
60,ichnaea.netflix.com
61,outlook.office365.com
62,dsp.mp.microsoft.com
63,amazonaws.com
64,microsoftonline.com
65,login.microsoftonline.com
66,play.google.com
67,www.bing.com
68,securepubads.g.doubleclick.net
69,akadns.net
70,www.googleadservices.com
71,pagead2.googlesyndication.com
72,clients.google.com
73,android.clients.google.com
74,akamaiedge.net
75,office.com
76,ggpht.com
77,com.akadns.net
78,googletagmanager.com
79,www.googletagmanager.com
80,windows.net
81,msn.com
82,do.dsp.mp.microsoft.com
83,mobile.pipe.aria.microsoft.com
84,prod.do.dsp.mp.microsoft.com
85,app-measurement.com
86,android.googleapis.com
87,icloud.com
88,stats.g.doubleclick.net
89,youtubei.googleapis.com
90,digicert.com
91,fna.fbcdn.net
92,scontent.xx.fbcdn.net
93,edge-mqtt.facebook.com
94,yahoo.com
95,adservice.google.com
96,yt3.ggpht.com
97,itunes.apple.com
98,tpc.googlesyndication.com
99,clients1.google.com
100,gvt2.com
101,facebook.net
102,connect.facebook.net
103,gvt1.com
104,ocsp.digicert.com
105,qq.com
106,push.apple.com
107,www.apple.com
108,ls.apple.com
109,msedge.net
110,crashlytics.com
111,b-graph.facebook.com
112,nflxso.net
113,1.nflxso.net
114,static.xx.fbcdn.net
115,gcp.gvt2.com
116,beacons.gcp.gvt2.com
117,b-api.facebook.com
118,redirector.gvt1.com
119,time-ios.apple.com
120,roaming.officeapps.live.com
121,aaplimg.com
122,g.aaplimg.com
123,dsce9.akamaiedge.net
124,apis.google.com
125,apple-dns.net
126,scorecardresearch.com
127,mqtt-mini.facebook.com
128,fe.apple-dns.net
129,teams.microsoft.com
130,self.events.data.microsoft.com
131,clients2.google.com
132,windows.com
133,nexus.officeapps.live.com
134,www.icloud.com
135,login.windows.net
136,sb.scorecardresearch.com
137,l.google.com
138,adnxs.com
139,ntp.org
140,pool.ntp.org
141,init.itunes.apple.com
142,c10r.facebook.com
143,amazon.com
144,update.microsoft.com
145,clients6.google.com
146,secure.netflix.com
147,mail.google.com
148,googletagservices.com
149,gsp64-ssl.ls.apple.com
150,www.googletagservices.com
151,redirector.googlevideo.com
152,outlook.com
153,config.teams.microsoft.com
154,twitter.com
155,ssl.google-analytics.com
156,adsrvr.org
157,browser.pipe.aria.microsoft.com
158,api.facebook.com
159,xp.apple.com
160,akamaized.net
161,e.crashlytics.com
162,nrdp52-appboot.netflix.com
163,akamai.net
164,storage.googleapis.com
165,instagram.com
166,msftncsi.com
167,ad.doubleclick.net
168,arc.msn.com
169,outlook.office.com
170,s.youtube.com
171,hola.org
172,oauthaccountmanager.googleapis.com
173,e6858.dsce9.akamaiedge.net
174,uiboot.netflix.com
175,settings.crashlytics.com
176,hicloud.com
177,lithium.facebook.com
178,dns-test1.hola.org
179,gateway.fe.apple-dns.net
180,gateway.icloud.com
181,office.net
182,rubiconproject.com
183,people-pa.googleapis.com
184,go.microsoft.com
185,cloudflare.com
186,ib.adnxs.com
187,beacons.gvt2.com
188,clients3.google.com
189,ogs.google.com
190,i9.ytimg.com
191,star.c10r.facebook.com
192,match.adsrvr.org
193,2mdn.net
194,criteo.com
195,customerevents.netflix.com
196,pubmatic.com
197,iecvlist.microsoft.com
198,appsflyer.com
199,moatads.com
200,core.windows.net
201,s0.2mdn.net
202,itunes-apple.com.akadns.net
203,presence.teams.microsoft.com
204,baidu.com
205,time-ios.g.aaplimg.com
206,icloud.com.akadns.net
207,odc.officeapps.live.com
208,ajax.googleapis.com
209,blob.core.windows.net
210,smoot.apple.com
211,pki.goog
212,www-cdn.icloud.com.akadns.net
213,bidswitch.net
214,dns.msftncsi.com
215,mesu.apple.com
216,demdex.net
217,ipv6.microsoft.com
218,gmail.com
219,x.bidswitch.net
220,whatsapp.net
221,nccp.netflix.com
222,nrdp.nccp.netflix.com
223,ls-apple.com.akadns.net
224,e673.dsce9.akamaiedge.net
225,static.doubleclick.net
226,firebaseremoteconfig.googleapis.com
227,trafficshaping.dsp.mp.microsoft.com
228,tsfe.trafficshaping.dsp.mp.microsoft.com
229,cdnjs.cloudflare.com
230,openx.net
231,cm.g.doubleclick.net
232,a.akamaiedge.net
233,nflximg.com
234,delivery.mp.microsoft.com
235,bag.itunes.apple.com
236,cdn-0.nflximg.com
237,v20.events.data.microsoft.com
238,nrdp51-appboot.netflix.com
239,casalemedia.com
240,rlcdn.com
241,dpm.demdex.net
242,urs.microsoft.com
243,ampproject.org
244,cdn.ampproject.org
245,storage.live.com
246,msftconnecttest.com
247,docs.google.com
248,amazon-adsystem.com
249,www.msftconnecttest.com
250,substrate.office.com
251,graph.instagram.com
252,www.amazon.com
253,imap.gmail.com
254,akamaihd.net
255,sharepoint.com
256,telemetry.microsoft.com
257,keyvalueservice.fe.apple-dns.net
258,ocsp.apple.com
259,google.com.vn
260,azureedge.net
261,adobe.com
262,web.facebook.com
263,gsp-ssl.ls.apple.com
264,c.urs.microsoft.com
265,ybp.yahoo.com
266,mathtag.com
267,platform.hicloud.com
268,advertising.com
269,taboola.com
270,agkn.com
271,partner.googleadservices.com
272,measure.office.com
273,fp.measure.office.com
274,everesttech.net
275,zaloapp.com
276,cms.msn.com
277,prod.cms.msn.com
278,beacons2.gvt2.com
279,content.prod.cms.msn.com
280,cdn.content.prod.cms.msn.com
281,autodiscover-s.outlook.com
282,star-mini.c10r.facebook.com
283,z.moatads.com
284,pixel.rubiconproject.com
285,taobao.com
286,asm.skype.com
287,beacons3.gvt2.com
288,l.doubleclick.net
289,res.office365.com
290,people-pa.clients6.google.com
291,beacons4.gvt2.com
292,mqtt.c10r.facebook.com
293,imasdk.googleapis.com
294,chat-pa.clients6.google.com
295,gs-loc.apple.com
296,edgekey.net
297,checkappexec.microsoft.com
298,bluekai.com
299,ess.apple.com
300,linkedin.com
301,pr-bh.ybp.yahoo.com
302,addthis.com
303,analytics.yahoo.com
304,samsung.com
305,quantserve.com
306,configuration.ls.apple.com
307,inbox.google.com
308,s.ytimg.com
309,www.google.com.vn
310,t.appsflyer.com
311,content-autofill.googleapis.com
312,geo.prod.do.dsp.mp.microsoft.com
313,dsx.mp.microsoft.com
314,sync.mathtag.com
315,tapad.com
316,upload.fp.measure.office.com
317,lh5.googleusercontent.com
318,secure.adnxs.com
319,opendns.com
320,krxd.net
321,idsync.rlcdn.com
322,adform.net
323,symantec.com
324,init-p01st.push.apple.com
325,lookaside.facebook.com
326,e4478.a.akamaiedge.net
327,com.edgekey.net
328,activity.windows.com
329,us-east-1.elb.amazonaws.com
330,criteo.net
331,suggestqueries.google.com
332,i.instagram.com
333,crl.pki.goog
334,us-u.openx.net
335,adsafeprotected.com
336,officeclient.microsoft.com
337,livetileedge.dsx.mp.microsoft.com
338,configuration.apple.com
339,avast.com
340,pstatp.com
341,godaddy.com
342,pixel.advertising.com
343,signaler-pa.clients6.google.com
344,r4.res.office365.com
345,l.googleusercontent.com
346,evoke-windowsservices-tas.msedge.net
347,client-channel.google.com
348,ade.googlesyndication.com
349,c1.adform.net
350,iphone-ld.apple.com
351,www.microsoft.com
352,growth-pa.googleapis.com
353,gsp64-ssl.ls-apple.com.akadns.net
354,apple.com.akadns.net
355,crwdcntrl.net
356,g.whatsapp.net
357,pubads.g.doubleclick.net
358,chatsvcagg.teams.microsoft.com
359,api.zaloapp.com
360,beacon.krxd.net
361,origin-apple.com.akadns.net
362,lh6.googleusercontent.com
363,pixel.tapad.com
364,vortex-win.data.microsoft.com
365,lh4.googleusercontent.com
366,ocsp.godaddy.com
367,msg.teams.microsoft.com
368,ng.msg.teams.microsoft.com
369,sfx.ms
370,guzzoni.apple.com
371,drive.google.com
372,init.push.apple.com
373,turn.com
374,outbrain.com
375,tags.bluekai.com
376,oneclient.sfx.ms
377,platform.twitter.com
378,teredo.ipv6.microsoft.com
379,weixin.qq.com
380,adjust.com
381,c.bing.com
382,osi.office.net
383,bootstrapcdn.com
384,hcbh.heycould.com
385,heycould.com
386,googleads4.g.doubleclick.net
387,bidder.criteo.com
388,tiktokcdn.com
389,api.smoot.apple.com
390,image6.pubmatic.com
391,zadn.vn
392,trc.taboola.com
393,fastly.net
394,asyncgw.teams.microsoft.com
395,ups.analytics.yahoo.com
396,android.com
397,yimg.com
398,spotify.com
399,s.amazon-adsystem.com
400,tiktokv.com
401,semanticlocation-pa.googleapis.com
402,bid.g.doubleclick.net
403,s.yimg.com
404,licensing.mp.microsoft.com
405,app.adjust.com
406,letsencrypt.org
407,ff.avast.com
408,settings.data.microsoft.com
409,download.windowsupdate.com
410,px.moatads.com
411,d.agkn.com
412,twimg.com
413,gspe35-ssl.ls.apple.com
414,int-x3.letsencrypt.org
415,pixel.quantserve.com
416,static.criteo.net
417,mookie1.com
418,hacdl.junwonsil.com
419,junwonsil.com
420,www.baidu.com
421,ocsp.int-x3.letsencrypt.org
422,fbsbx.com
423,xp.itunes-apple.com.akadns.net
424,connectivitycheck.platform.hicloud.com
425,youtube-ui.l.google.com
426,live.net
427,exelator.com
428,atlas.samsung.com
429,di.atlas.samsung.com
430,slscr.update.microsoft.com
431,intel.com
432,init.ess.apple.com
433,gum.criteo.com
434,id.google.com
435,fe3cr.delivery.mp.microsoft.com
436,crl.microsoft.com
437,edge-chat.facebook.com
438,ocws.officeapps.live.com
439,apple.com.edgekey.net
440,bugly.qq.com
441,sync-tm.everesttech.net
442,cdn.office.net
443,sectigo.com
444,byteoversea.com
445,c.amazon-adsystem.com
446,mozilla.com
447,services.mozilla.com
448,zdn.vn
449,alicdn.com
450,spotxchange.com
451,time.windows.com
452,search.spotxchange.com
453,maps.googleapis.com
454,3lift.com
455,watson.telemetry.microsoft.com
456,token.rubiconproject.com
457,syndication.twitter.com
458,aa.agkn.com
459,maxcdn.bootstrapcdn.com
460,mixpanel.com
461,contentstorage.osi.office.net
462,ocsp.sectigo.com
463,dropbox.com
464,log.api.zaloapp.com
465,media.net
466,unity3d.com
467,pinterest.com
468,dns.weixin.qq.com
469,wg.spotify.com
470,spclient.wg.spotify.com
471,cdninstagram.com
472,pixel.adsafeprotected.com
473,as-sec.casalemedia.com
474,v10c.events.data.microsoft.com
475,www-google-analytics.l.google.com
476,g.live.com
477,fastlane.rubiconproject.com
478,partnerad.l.doubleclick.net
479,gsp85-ssl.ls.apple.com
480,init-p01md.apple.com
481,mgid.com
482,jquery.com
483,code.jquery.com
484,iphonesubmissions.apple.com
485,trafficmanager.net
486,dscb.akamaiedge.net
487,play.itunes.apple.com
488,m.taobao.com
489,ads.yahoo.com
490,ads.pubmatic.com
491,bcp.crwdcntrl.net
492,bat.bing.com
493,rupload.facebook.com
494,t.co
495,teads.tv
496,1rx.io
497,sls.update.microsoft.com
498,jsdelivr.net
499,cdn.jsdelivr.net
500,onenote.net
501,mzstatic.com
502,stags.bluekai.com
503,googlehosted.l.googleusercontent.com
504,m.facebook.com
505,valid.apple.com
506,wdcp.microsoft.com
507,pbs.twimg.com
508,acdn.adnxs.com
509,zing.vn
510,dt.adsafeprotected.com
511,oppomobile.com
512,w55c.net
513,v10.vortex-win.data.microsoft.com
514,creativecdn.com
515,footprints-pa.googleapis.com
516,notifications.teams.microsoft.com
517,newrelic.com
518,www.linkedin.com
519,adsymptotic.com
520,translate.googleapis.com
521,p.adsymptotic.com
522,kv701.prod.do.dsp.mp.microsoft.com
523,dotomi.com
524,metrics.icloud.com
525,clients5.google.com
526,iadsdk.apple.com
527,alibaba.com
528,mesu-cdn.origin-apple.com.akadns.net
529,ad.turn.com
530,reports.crashlytics.com
531,lijit.com
532,branch.io
533,isnssdk.com
534,smartscreen-prod.microsoft.com
535,eb2.3lift.com
536,appcenter.ms
537,sync.search.spotxchange.com
538,sync.1rx.io
539,doubleverify.com
540,macromedia.com
541,api.iris.microsoft.com
542,iris.microsoft.com
543,ris.api.iris.microsoft.com
544,aa.google.com
545,fls.doubleclick.net
546,api-h2.tiktokv.com
547,e2ro.com
548,playatoms-pa.googleapis.com
549,cdn.onenote.net
550,node.e2ro.com
551,pull-hls-l1.tiktokcdn.com
552,in.appcenter.ms
553,odr.mookie1.com
554,smartadserver.com
555,weather.com
556,mopub.com
557,omtrdc.net
558,w.org
559,s.w.org
560,xboxlive.com
561,samsungapps.com
562,accuweather.com
563,hotapi-va.isnssdk.com
564,imrworldwide.com
565,hangouts.google.com
566,www.msn.com
567,photos-ugc.l.googleusercontent.com
568,ads.mopub.com
569,contextweb.com
570,smp-device-content.apple.com
571,amer.ng.msg.teams.microsoft.com
572,hbopenbid.pubmatic.com
573,e17437.dscb.akamaiedge.net
574,adservice.google.com.vn
575,img-s-msn-com.akamaized.net
576,dl.delivery.mp.microsoft.com
577,contextual.media.net
578,pull-rtmp-l1-mus.pstatp.com
579,fcmatch.google.com
580,api.accuweather.com
581,xiaomi.com
582,comodoca.com
583,api.weather.com
584,yandex.ru
585,android.bugly.qq.com
586,mfadsrvr.com
587,pull-rtmp-l1.tiktokcdn.com
588,mobile-gtalk.l.google.com
589,bh.contextweb.com
590,pagead46.l.doubleclick.net
591,fcmatch.youtube.com
592,pull-hls-l1-mus.pstatp.com
593,log.tiktokv.com
594,an.facebook.com
595,pull-flv-l1.tiktokcdn.com
596,pull-cmaf-f5.tiktokcdn.com
597,pull-cmaf-f5-mus.pstatp.com
598,hotjar.com
599,js-agent.newrelic.com
600,eus.rubiconproject.com
601,globalsign.com
602,pull-flv-l1-mus.pstatp.com
603,onesignal.com
604,us-prod.asyncgw.teams.microsoft.com
605,weather-data.apple.com
606,zemanta.com
607,pull-f5.tiktokcdn.com
608,usertrust.com
609,pull-f5-mus.pstatp.com
610,ocsp.pki.goog
611,loadm.exelator.com
612,geomobileservices-pa.googleapis.com
613,video.xx.fbcdn.net
614,www-googletagmanager.l.google.com
615,api2.branch.io
616,us-west-2.elb.amazonaws.com
617,dds.microsoft.com
618,captive.apple.com
619,g.akamaiedge.net
620,analytics.twitter.com
621,gravatar.com
622,globalsign.net
623,sitescout.com
624,courier-push-apple.com.akadns.net
625,configuration.apple.com.akadns.net
626,crl.globalsign.net
627,dlx.addthis.com
628,3g.qq.com
629,calendar.google.com
630,events.appsflyer.com
631,go-mpulse.net
632,pancake.apple.com
633,edgesuite.net
634,ksmobile.com
635,sync.crwdcntrl.net
636,simage2.pubmatic.com
637,aliyuncs.com
638,health.apple.com
639,static.hotjar.com
640,geo.moatads.com
641,api.mixpanel.com
642,eyeota.net
643,ps.eyeota.net
644,gsp10-ssl.apple.com
645,umeng.com
646,contacts.google.com
647,c.go-mpulse.net
648,cms.quantserve.com
649,mobilenetworkscoring-pa.googleapis.com
650,com.edgesuite.net
651,smartscreen.microsoft.com
652,sogou.com
653,bidr.io
654,dls1prd.di.atlas.samsung.com
655,sync.teads.tv
656,i1.ytimg.com
657,us-api.asm.skype.com
658,prod.bidr.io
659,zoom.us
660,query.yahoo.com
661,insight.adsrvr.org
662,trustarc.com
663,adobedtm.com
664,assets.adobedtm.com
665,dsum-sec.casalemedia.com
666,m.addthis.com
667,whatsapp.com
668,time.android.com
669,vortex.data.microsoft.com
670,match.prod.bidr.io
671,scontent-hkt1-1.xx.fbcdn.net
672,simpli.fi
673,enterprise.activity.windows.com
674,flurry.com
675,gs-loc-new.ls-apple.com.akadns.net
676,mozilla.org
677,apple.news
678,storecatalogrevocation.storequality.microsoft.com
679,storequality.microsoft.com
680,instantmessaging-pa.googleapis.com
681,mail.yahoo.com
682,zalo.me
683,ls.apple.com.edgekey.net
684,ads.linkedin.com
685,setup.icloud.com
686,dis.criteo.com
687,b1sync.zemanta.com
688,iasds01.com
689,pixel-sync.sitescout.com
690,imtt.qq.com
691,cl5.apple.com
692,tps.doubleverify.com
693,tremorhub.com
694,s7.addthis.com
695,msocsp.com
696,ocsp.msocsp.com
697,sc.iasds01.com
698,symcd.com
699,applovin.com
700,truste.com
701,d.turn.com
702,teams.cdn.office.net
703,statics.teams.cdn.office.net
704,stats.l.doubleclick.net
705,shavar.services.mozilla.com
706,gspe11-ssl.ls.apple.com.edgekey.net
707,lync.com
708,msecnd.net
709,vo.msecnd.net
710,chartbeat.net
711,c.apple.news
712,world-gen.g.aaplimg.com
713,samsungcloud.com
714,pm.w55c.net
715,addons-pa.clients6.google.com
716,p16-tiktokcdn-com.akamaized.net
717,atdmt.com
718,miui.com
719,client-api.itunes.apple.com
720,socdm.com
721,rfihub.com
722,ieonlinews.microsoft.com
723,centralized.zaloapp.com
724,static.adsafeprotected.com
725,graph.microsoft.com
726,data.flurry.com
727,1-courier.push.apple.com
728,v16.tiktokcdn.com
729,pippio.com
730,cdn.doubleverify.com
731,px.ads.linkedin.com
732,globalredir.akadns.net
733,net.globalredir.akadns.net
734,serving-sys.com
735,api.twitter.com
736,cdn.taboola.com
737,adobe.io
738,amap.com
739,optimizely.com
740,cloud.unity3d.com
741,tlu.dl.delivery.mp.microsoft.com
742,ssum-sec.casalemedia.com
743,digitru.st
744,mrodevicemgr.officeapps.live.com
745,yahoodns.net
746,ocsp.comodoca.com
747,ping.chartbeat.net
748,client.dropbox.com
749,um.simpli.fi
750,qpic.cn
751,mail-ads.google.com
752,c.mgid.com
753,sync.outbrain.com
754,external.xx.fbcdn.net
755,emxdgt.com
756,nr-data.net
757,web.whatsapp.com
758,fp.msedge.net
759,vas.samsungapps.com
760,edgekey.net.globalredir.akadns.net
761,d.dropbox.com
762,mon.tiktokv.com
763,init-cdn.itunes-apple.com.akadns.net
764,acdc-direct.office.com
765,images.taboola.com
766,api-h2-eagle.tiktokv.com
767,pixel.facebook.com
768,m.adnxs.com
769,snapchat.com
770,metaservices.microsoft.com
771,bam.nr-data.net
772,crsi.symantec.com
773,ocsp.usertrust.com
774,messenger.live.com
775,p.rfihub.com
776,trouter.teams.microsoft.com
777,delve.office.com
778,mozaws.net
779,prod.mozaws.net
780,ow1.res.office365.com
781,azure.com
782,line-apps.com
783,appier.net
784,teamviewer.com
785,talk.zdn.vn
786,dscb.akamai.net
787,ut.taobao.com
788,dqa.samsung.com
789,ap.lijit.com
790,push-apple.com.akadns.net
791,addthisedge.com
792,stickyadstv.com
793,ms-acdc.office.com
794,footprintdns.com
795,bs.serving-sys.com
796,m.youtube.com
797,cameraddns.net
798,chartbeat.com
799,xiaomi.net
800,ucweb.com
801,mozilla.net
802,cdp.cloud.unity3d.com
803,c.appier.net
804,3gppnetwork.org
805,id.rlcdn.com
806,pub.3gppnetwork.org
807,licdn.com
808,cdn.mozilla.net
809,log.byteoversea.com
810,bttrack.com
811,quantcount.com
812,cm.everesttech.net
813,ads.stickyadstv.com
814,static.whatsapp.net
815,guzzoni-apple.com.akadns.net
816,0.client-channel.google.com
817,gspe1-ssl.ls.apple.com
818,choices.truste.com
819,upandashi.com
820,garena.com
821,loki.delve.office.com
822,www.instagram.com
823,bolt.dropbox.com
824,360yield.com
825,amazontrust.com
826,cdn.optimizely.com
827,fw.adsafeprotected.com
828,yandex.net
829,v1.addthisedge.com
830,gsa.apple.com
831,dmd.metaservices.microsoft.com
832,unityads.unity3d.com
833,ads-twitter.com
834,s.upandashi.com
835,static.ads-twitter.com
836,static.chartbeat.com
837,infra.lync.com
838,ssl-google-analytics.l.google.com
839,secureworks.com
840,www.upandashi.com
841,secure-assets.rubiconproject.com
842,b.redcloak.secureworks.com
843,cluster.b.redcloak.secureworks.com
844,redcloak.secureworks.com
845,scontent-hkg3-1.xx.fbcdn.net
846,android.pool.ntp.org
847,fontawesome.com
848,m.upandashi.com
849,wayfair.com
850,ent-shasta-rrs.symantec.com
851,telemetry.dropbox.com
852,heytapmobi.com
853,cs.dds.microsoft.com
854,supl.google.com
855,2.android.pool.ntp.org
856,icloud-content.com
857,pinimg.com
858,sharethrough.com
859,launches.appsflyer.com
860,translate.google.com
861,home
862,api21-h2-eagle.tiktokv.com
863,e7.akamaiedge.net
864,api.samsungcloud.com
865,e1879.e7.akamaiedge.net
866,line-scdn.net
867,t.wayfair.com
868,choices.trustarc.com
869,atm-fp-direct.office.com
870,s-img.mgid.com
871,connectivitycheck.android.com
872,wp.com
873,fpdownload2.macromedia.com
874,shopeemobile.com
875,typekit.net
876,ipl.opendns.com
877,evidon.com
878,webcast16.tiktokv.com
879,widgets.outbrain.com
880,com.edgekey.net.globalredir.akadns.net
881,c.evidon.com
882,stnd-ipsg.crsi.symantec.com
883,mdt.qq.com
884,tribalfusion.com
885,cl2.apple.com
886,log16.byteoversea.com
887,sc.omtrdc.net
888,clients.l.google.com
889,dl-debug.dropbox.com
890,analytics.ff.avast.com
891,mb.moatads.com
892,liadm.com
893,rt.applovin.com
894,dropboxapi.com
895,ols.officeapps.live.com
896,firebaseinstallations.googleapis.com
897,avcdn.net
898,gumgum.com
899,adtech.advertising.com
900,cdn.branch.io
901,fbpigeon.com
902,graph.fbpigeon.com
903,gs-loc.ls-apple.com.akadns.net
904,api.dropboxapi.com
905,api21-h2.tiktokv.com
906,dm16.tiktokv.com
907,ncc.avast.com
908,sp.analytics.yahoo.com
909,origin.guzzoni-apple.com.akadns.net
910,contacts.fe.apple-dns.net
911,pd.itunes.apple.com
912,cp701.prod.do.dsp.mp.microsoft.com
913,cdn.krxd.net
914,www.msftncsi.com
915,game-mode.net
916,pingma.qq.com
917,ssl-images-amazon.com
918,a.tribalfusion.com
919,outbrainimg.com
920,service.weather.microsoft.com
921,secure.gravatar.com
922,apple.com.edgekey.net.globalredir.akadns.net
923,www.apple.com.edgekey.net.globalredir.akadns.net
924,api.tiktokv.com
925,musical.ly
926,alexametrics.com
927,tg.socdm.com
928,muscdn.com
929,eve.mdt.qq.com
930,mesu.g.aaplimg.com
931,ml314.com
932,nflxvideo.net
933,platform-lookaside.fbsbx.com
934,app.link
935,jsc.mgid.com
936,use.typekit.net
937,cisco.com
938,tidaltv.com
939,mc.yandex.ru
940,me.apple-dns.net
941,otf.msn.com
942,scontent-hkg3-2.xx.fbcdn.net
943,sync.tidaltv.com
944,shavar.prod.mozaws.net
945,agafurretor.com
946,fe2cr.update.microsoft.com
947,nwps.ws
948,firefox.com
949,service.game-mode.net
950,images-na.ssl-images-amazon.com
951,deo.shopeemobile.com
952,passwordsleakcheck-pa.googleapis.com
953,phicdn.net
954,adaptv.advertising.com
955,qlogo.cn
956,cootek.com
957,pagead2.googleadservices.com
958,time-macos.apple.com
959,settings.services.mozilla.com
960,sca1b.amazontrust.com
961,ci5.googleusercontent.com
962,ime.cootek.com
963,outlook.ms-acdc.office.com
964,b-ring.msedge.net
965,armmf.adobe.com
966,cms.analytics.yahoo.com
967,rtb-csync.smartadserver.com
968,cs9.wac.phicdn.net
969,wac.phicdn.net
970,segment.io
971,naver.jp
972,loopme.me
973,cm.mgid.com
974,api.segment.io
975,unrulymedia.com
976,ci6.googleusercontent.com
977,ci4.googleusercontent.com
978,bugsnag.com
979,line.naver.jp
980,fe3.delivery.mp.microsoft.com
981,360.cn
982,verisign.com
983,gateway.messenger.live.com
984,a-ring.msedge.net
985,s160-ava-talk.zadn.vn
986,ampcid.google.com
987,k-ring.msedge.net
988,rules.quantcount.com
989,s-ring.msedge.net
990,servicer.mgid.com
991,cdn.whatsapp.net
992,betrad.com
993,query.ess.apple.com
994,scontent-sea1-1.xx.fbcdn.net
995,certify.alexametrics.com
996,gameplay.intel.com
997,csync.loopme.me
998,image4.pubmatic.com
999,wns.windows.com
1000,reddit.com
