1,com
2,net
3,googleapis.com
4,org
5,io
6,cn
7,vn
8,co
9,me
10,tv
11,ms
12,elb.amazonaws.com
13,goog
14,com.vn
15,us
16,jp
17,s3.amazonaws.com
18,sg
19,ru
20,info
21,uk
22,co.uk
23,com.cn
24,cloudapp.net
25,gov
26,ly
27,us-east-1.amazonaws.com
28,xyz
29,online
30,link
31,eu
32,fi
33,de
34,map.fastly.net
35,st
36,news
37,mobi
38,it
39,cc
40,hk
41,appspot.com
42,ws
43,id
44,asia
45,biz
46,club
47,ai
48,my
49,in
50,com.hk
51,app
52,co.jp
53,pw
54,be
55,to
56,pl
57,pro
58,nl
59,cloud
60,azurewebsites.net
61,kr
62,im
63,com.my
64,tw
65,org.cn
66,ca
67,gg
68,sa
69,co.id
70,co.kr
71,th
72,fr
73,au
74,githubusercontent.com
75,co.th
76,com.tw
77,edu
78,ph
79,com.au
80,network
81,global.ssl.fastly.net
82,video
83,tech
84,com.sg
85,site
86,blogspot.com
87,ch
88,media
89,s3-us-west-2.amazonaws.com
90,edu.cn
91,ne.jp
92,top
93,tumblr.com
94,com.ph
95,s3-ap-southeast-1.amazonaws.com
96,elasticbeanstalk.com
97,se
98,gl
99,arpa
100,sh
