1,com
2,net
3,googleapis.com
4,org
5,io
6,cn
7,vn
8,co
9,me
10,tv
11,ms
12,elb.amazonaws.com
13,goog
14,com.vn
15,us
16,jp
17,s3.amazonaws.com
18,sg
19,ru
20,info
21,uk
22,co.uk
23,com.cn
24,cloudapp.net
25,gov
26,ly
27,us-east-1.amazonaws.com
28,xyz
29,online
30,link
31,eu
32,fi
33,de
34,map.fastly.net
35,st
36,news
37,mobi
38,it
39,cc
40,hk
41,appspot.com
42,ws
43,id
44,asia
45,biz
46,club
47,ai
48,my
49,in
50,com.hk
51,app
52,co.jp
53,pw
54,be
55,to
56,pl
57,pro
58,nl
59,cloud
60,azurewebsites.net
61,kr
62,im
63,com.my
64,tw
65,org.cn
66,ca
67,gg
68,sa
69,co.id
70,co.kr
71,th
72,fr
73,au
74,githubusercontent.com
75,co.th
76,com.tw
77,edu
78,ph
79,com.au
80,network
81,global.ssl.fastly.net
82,video
83,tech
84,com.sg
85,site
86,blogspot.com
87,ch
88,media
89,s3-us-west-2.amazonaws.com
90,edu.cn
91,ne.jp
92,top
93,tumblr.com
94,com.ph
95,s3-ap-southeast-1.amazonaws.com
96,elasticbeanstalk.com
97,se
98,gl
99,arpa
100,sh
101,br
102,rsc.cdn77.org
103,es
104,net.vn
105,com.br
106,house
107,nz
108,s3.dualstack.ap-southeast-1.amazonaws.com
109,mil
110,co.nz
111,herokuapp.com
112,market
113,live
114,la
115,github.io
116,fm
117,tk
118,software
119,cloudfunctions.net
120,am
121,us-east-1.elasticbeanstalk.com
122,at
123,mx
124,google
125,dk
126,co.in
127,space
128,cz
129,fastlylb.net
130,gov.vn
131,lu
132,gov.cn
133,vip
134,ie
135,ro
136,tr
137,zone
138,net.id
139,map.fastlylb.net
140,com.tr
141,no
142,in.th
143,dyndns.org
144,email
145,systems
146,jobs
147,withgoogle.com
148,co.za
149,fun
150,name
151,sk
152,bid
153,com.mx
154,is
155,edu.vn
156,gov.hk
157,s3-eu-west-1.amazonaws.com
158,ae
159,ua
160,li
161,win
162,apps.fbsbx.com
163,re
164,go.id
165,lt
166,host
167,ar
168,work
169,pt
170,su
171,gr
172,com.ar
173,si
174,bd
175,ddns.net
176,ir
177,click
178,stream
179,hu
180,services
181,pk
182,icu
183,org.vn
184,gt
185,org.uk
186,bz
187,chat
188,money
189,life
190,ninja
191,int
192,one
193,s3.us-east-2.amazonaws.com
194,rocks
195,net.au
196,s3-us-west-1.amazonaws.com
197,pe
198,tools
199,firebaseapp.com
200,net.cn
201,s3-ap-northeast-1.amazonaws.com
202,today
203,website
204,com.ua
205,so
206,store
207,gov.tw
208,gov.my
209,cl
210,ac.id
211,gle
212,world
213,agency
214,us-west-2.elasticbeanstalk.com
215,by
216,games
217,casa
218,nu
219,shop
220,ee
221,ga
222,onion
223,dev
224,gov.sg
225,studio
226,lk
227,com.pk
228,or.jp
229,gov.br
230,support
231,biz.id
232,org.au
233,best
234,googlecode.com
235,ap-northeast-2.elasticbeanstalk.com
236,xxx
237,net.uk
238,ovh
239,digital
240,duckdns.org
241,or.us
242,eu.org
243,il
244,party
245,al
246,edu.hk
247,np
248,vc
249,trade
250,pub
251,bnpparibas
252,ml
253,moe
254,ac
255,solutions
256,ac.uk
257,bradesco
258,s3-external-1.amazonaws.com
259,edu.tw
260,fyi
261,elb.amazonaws.com.cn
262,s3.eu-central-1.amazonaws.com
263,co.il
264,kz
265,tc
266,go.th
267,bar
268,cx
269,bg
270,com.pe
271,or.kr
272,as
273,global
274,org.hk
275,frl
276,onl
277,cf
278,works
279,page
280,plus
281,ec
282,kg
283,events
284,edu.my
285,kh
286,buzz
287,web.id
288,download
289,wf
290,com.co
291,or.th
292,press
293,ac.th
294,edu.sg
295,cm
296,rs
297,s3.ap-south-1.amazonaws.com
298,cat
299,pm
300,goip.de
301,sinaapp.com
302,do
303,lv
304,netlify.com
305,net.tw
306,sc
307,hn
308,org.tw
309,group
310,blog
311,game
312,watch
313,applinzi.com
314,freetls.fastly.net
315,ad
316,center
317,tl
318,gov.ph
319,guru
320,aws
321,men
322,com.ru
323,gq
324,or.id
325,supply
326,s3-website-us-east-1.amazonaws.com
327,uy
328,ad.jp
329,gov.au
330,wiki
331,edu.au
332,ag
333,technology
334,monster
335,gd
336,hopto.org
337,mo
338,go.kr
339,md
340,ve
341,py
342,gc.ca
343,team
344,mn
345,gs
346,art
347,bn
348,cool
349,mm
350,my.id
351,ac.cn
352,ng
353,com.py
354,ac.jp
355,net.br
356,gov.uk
357,com.uy
358,hr
359,org.ec
360,go.jp
361,eg
362,eu-west-1.elasticbeanstalk.com
363,qa
364,gov.in
365,k12.or.us
366,org.ru
367,management
368,me.uk
369,myqnapcloud.com
370,mp
371,net.co
372,rip
373,net.my
374,rest
375,homeip.net
376,no-ip.info
377,s3.cn-north-1.amazonaws.com.cn
378,ltd
379,wa.us
380,com.bn
381,red
382,desi
383,aero
384,tt
385,herokussl.com
386,bi
387,cr
388,onthewifi.com
389,fan
390,no-ip.biz
391,mg
392,business
393,ne
394,s3.dualstack.us-east-1.amazonaws.com
395,org.nz
396,uz
397,com.ve
398,ke
399,beer
400,help
401,az
402,dnshome.de
403,af
404,ug
405,travel
406,com.eg
407,date
408,ooo
409,ma
410,movie
411,ge
412,vegas
413,com.pl
414,mt
415,wtf
416,s3.ap-northeast-2.amazonaws.com
417,s3.dualstack.eu-west-1.amazonaws.com
418,net.sg
419,wixsite.com
420,blogspot.co.id
421,spb.ru
422,xn--p1ai
423,mu
424,pics
425,ac.kr
426,coop
427,mine.nu
428,tips
429,net.nz
430,delivery
431,ap-southeast-1.elasticbeanstalk.com
432,dhl
433,co.ke
434,sch.id
435,tokyo
436,tj
437,company
438,sx
439,bit
440,com.mt
441,gy
442,design
443,com.gr
444,ap-northeast-1.elasticbeanstalk.com
445,dynu.net
446,pantheonsite.io
447,show
448,sv
449,s3-ap-southeast-2.amazonaws.com
450,now.sh
451,s3.eu-west-2.amazonaws.com
452,ki
453,co.hu
454,com.bz
455,sh.cn
456,yt
457,zw
458,com.sa
459,wang
460,us-west-1.elasticbeanstalk.com
461,readthedocs.io
462,ink
463,members.linode.com
464,mk
465,co.zw
466,run
467,bc.ca
468,us-east-2.elasticbeanstalk.com
469,cash
470,eu-central-1.elasticbeanstalk.com
471,gov.mo
472,sb
473,org.sg
474,tickets
475,ci
476,city
477,photos
478,ba
479,om
480,a.ssl.fastly.net
481,sex
482,global.prod.fastly.net
483,net.tr
484,edu.ph
485,no-ip.org
486,in-addr.arpa
487,us.com
488,sytes.net
489,ca.us
490,mv
491,zapto.org
492,mn.us
493,org.br
494,org.my
495,com.ng
496,kozow.com
497,ab.ca
498,nf
499,org.tr
500,com.mo
501,net.pk
502,synology.me
503,tm
504,net.ua
505,cd
506,lpages.co
507,porn
508,bingo
509,com.sh
510,tz
511,net.in
512,sap
513,hosting
514,cy
515,s3-website.eu-central-1.amazonaws.com
516,net.hk
517,care
518,sn
519,dm
520,report
521,bh
522,kim
523,london
524,net.mx
525,kw
526,lc
527,nhs.uk
528,ps
529,on.ca
530,dattolocal.net
531,com.do
532,com.ec
533,cu
534,jo
535,nic.in
536,com.cy
537,bo
538,net.pl
539,va
540,racing
541,tj.cn
542,ntt
543,coffee
544,altervista.org
545,vet
546,zm
547,c.cdn77.org
548,lb
549,service.gov.uk
550,review
551,qc.ca
552,dz
553,ac.in
554,vg
555,vin
556,gov.pk
557,tn
558,pa
559,land
560,blue
561,rhcloud.com
562,gov.tr
563,lol
564,uno
565,ren
566,edu.pk
567,guide
568,sale
569,uk.com
570,net.il
571,codes
572,nyc
573,web.app
574,tube
575,co.tz
576,love
577,kicks-ass.net
578,k12.wa.us
579,org.in
580,s3-website-us-west-2.amazonaws.com
581,ac.at
582,gh
583,ngrok.io
584,rw
585,ac.nz
586,tf
587,com.kw
588,s3.ca-central-1.amazonaws.com
589,pr
590,co.ug
591,bt
592,fit
593,meet
594,com.bh
595,edu.tr
596,gift
597,com.af
598,com.es
599,com.gt
600,gdn
601,tx.us
602,workers.dev
603,school
604,bet
605,bio
606,social
607,ht
608,cn.com
609,xin
610,bw
611,js.org
612,mc
613,dj
614,cg
615,pink
616,ao
617,idv.tw
618,bs
619,ak.us
620,a.run.app
621,build
622,run.app
623,com.ge
624,mz
625,direct
626,govt.nz
627,new
628,edu.pl
629,mi.th
630,canon
631,farm
632,fj
633,gob.mx
634,dog
635,s3-sa-east-1.amazonaws.com
636,co.cr
637,et
638,church
639,com.gh
640,gifts
641,sm
642,ac.ir
643,in.ua
644,de.com
645,net.ar
646,com.pa
647,com.bo
648,community
649,audio
650,na
651,s3-us-east-2.amazonaws.com
652,expert
653,gratis
654,biz.vn
655,vu
656,co.zm
657,ru.com
658,com.qa
659,gov.ru
660,s3-website-ap-southeast-1.amazonaws.com
661,kiev.ua
662,net.sa
663,remotewd.com
664,pg
665,ath.cx
666,je
667,id.us
668,re.kr
669,chrome
670,edu.ar
671,dyndns.tv
672,gov.sa
673,training
674,jm
675,s3-website-eu-west-1.amazonaws.com
676,tax
677,domains
678,org.ua
679,ac.za
680,net.ru
681,webcam
682,academy
683,com.lb
684,co.at
685,express
686,ni
687,ap-southeast-2.elasticbeanstalk.com
688,gouv.fr
689,science
690,ut.us
691,bm
692,com.am
693,net.ae
694,pn
695,vic.gov.au
696,com.fj
697,cam
698,dyndns.biz
699,sk.ca
700,bank
701,ck
702,ind.in
703,net.ph
704,tel
705,cab
706,cn-north-1.eb.amazonaws.com.cn
707,com.sv
708,edu.br
709,exchange
710,qld.gov.au
711,gov.il
712,yandex
713,ln.cn
714,co.ao
715,pictures
716,gov.ar
717,gov.za
718,lg.jp
719,cafe
720,bj
721,co.bw
722,k12.ca.us
723,blogspot.in
724,fl.us
725,dyndns.info
726,in.net
727,sharp
728,iq
729,msk.ru
730,org.il
731,kinghost.net
732,tv.br
733,net.za
734,eu.com
735,blogspot.tw
736,org.ar
737,s3-eu-central-1.amazonaws.com
738,style
739,ac.il
740,bf
741,blogspot.ca
742,cv
743,ls
744,null
745,tg
746,com.cu
747,gm
748,taipei
749,net.th
750,amex
751,kpmg
752,health
753,co.ve
754,org.za
755,redirectme.net
756,s3-us-gov-west-1.amazonaws.com
757,eus
758,gitlab.io
759,org.ph
760,hsbc
761,com.et
762,com.om
763,ky
764,mb.ca
765,blogspot.co.uk
766,cw
767,education
768,gob.ar
769,myds.me
770,surf
771,zip
772,com.ni
773,gov.pl
774,here
775,nico
776,edu.co
777,how
778,wa.gov.au
779,lat
780,sy
781,mw
782,edu.mx
783,law
784,sony
785,com.pr
786,gr.jp
787,nr
788,name.vn
789,co.mz
790,gov.lk
791,hm
792,sch.uk
793,org.pk
794,bike
795,dp.ua
796,edu.mo
797,fish
798,museum
799,s3-ap-south-1.amazonaws.com
800,cloud.fedoraproject.org
801,international
802,ac.be
803,scot
804,myvnc.com
805,co.ls
806,promo
807,sexy
808,edu.sa
809,gov.co
810,irish
811,com.na
812,finance
813,k12.mn.us
814,com.mv
815,gallery
816,sl
817,edu.in
818,ist
819,realtor
820,gov.ae
821,nc
822,photo
823,gx.cn
824,info.vn
825,s3-website-us-west-1.amazonaws.com
826,leadpages.co
827,blogspot.com.br
828,desa.id
829,loan
830,sp.gov.br
831,careers
832,directory
833,fo
834,gov.bn
835,gov.ua
836,mt.us
837,net.ve
838,ny.us
839,pf
840,uy.com
841,co.rs
842,com.de
843,gob.es
844,pet
845,gold
846,maori.nz
847,mi.us
848,com.ag
849,id.au
850,partners
851,vn.ua
852,africa
853,town
854,wi.us
855,car
856,goo
857,net.lb
858,ddnsking.com
859,gob.sv
860,nj.us
861,noip.me
862,org.mx
863,org.pl
864,uol
865,vi
866,ax
867,azure-mobile.net
868,blackbaudcdn.net
869,co.us
870,ga.us
871,garden
872,myftp.org
873,res.in
874,pa.us
875,s3.eu-west-3.amazonaws.com
876,blogspot.my
877,com.jo
878,dynv6.net
879,gi
880,marketing
881,com.la
882,com.mk
883,getmyip.com
884,oh.us
885,box
886,gov.it
887,ind.br
888,wy.us
889,glitch.me
890,homelinux.net
891,institute
892,kp
893,co.ma
894,engineering
895,photography
896,sr
897,asn.au
898,pharmacy
899,blogspot.com.es
900,com.ai
901,debian.net
902,edu.ec
903,ma.us
904,nh-serv.co.uk
905,uni5.net
906,com.pt
907,gd.cn
908,gob.ve
909,gotdns.com
910,js.cn
911,poznan.pl
912,pp.ua
913,blogspot.fr
914,edu.tt
915,energy
916,wmflabs.org
917,bloxcms.com
918,consulting
919,org.ve
920,yolasite.com
921,ap-south-1.elasticbeanstalk.com
922,gen.tr
923,capital
924,crs
925,earth
926,gp
927,kn
928,waw.pl
929,berlin
930,gv.at
931,ha.cn
932,inf.br
933,legal
934,od.ua
935,psi.br
936,youtube
937,blogspot.hk
938,deals
939,gob.pe
940,ads
941,blogspot.de
942,k12.ut.us
943,servehttp.com
944,uk.net
945,url.tw
946,vic.edu.au
947,blogspot.jp
948,il.us
949,jus.br
950,adult
951,blogspot.sg
952,fed.us
953,inc
954,mil.id
955,net.do
956,org.eg
957,sd
958,serveftp.com
959,adv.br
960,c66.me
961,myftp.biz
962,com.al
963,ddnsgeek.com
964,foundation
965,go.ke
966,oz.au
967,vision
968,abbott
969,bb
970,cloudns.asia
971,or.tz
972,yandexcloud.net
973,ye
974,b.ssl.fastly.net
975,com.ly
976,fund
977,net.ba
978,zp.ua
979,br.com
980,giize.com
981,gov.jo
982,k12.mt.us
983,nsw.edu.au
984,platform.sh
985,tokyo.jp
986,com.vc
987,discount
988,family
989,gleeze.com
990,km
991,llc
992,navy
993,net.pe
994,servebeer.com
995,blogspot.com.au
996,edu.eg
997,gen.nz
998,gob.ec
999,ia.us
1000,reviews
1001,storage.yandexcloud.net
1002,aq
1003,co.com
1004,co.it
1005,dn.ua
1006,fk
1007,gov.eg
1008,lr
1009,recipes
1010,doomdns.org
1011,gw
1012,in.us
1013,platformsh.site
1014,taxi
1015,td
1016,3utilities.com
1017,freedesktop.org
1018,mo.us
1019,moscow
1020,s3-website-ap-northeast-1.amazonaws.com
1021,wine
1022,ac.vn
1023,casino
1024,com.hr
1025,kiwi
1026,va.us
1027,caspio.com
1028,edu.pe
1029,gda.pl
1030,k12.fl.us
1031,cards
1032,dnsalias.com
1033,ed.jp
1034,gu
1035,la.us
1036,ns.ca
1037,rs.gov.br
1038,sbi
1039,swiss
1040,us.org
1041,band
1042,er
1043,edu.ru
1044,edu.uy
1045,golf
1046,k12.wi.us
1047,s3-eu-west-2.amazonaws.com
1048,aw
1049,awsmppl.com
1050,blogspot.mx
1051,bounceme.net
1052,eti.br
1053,fitness
1054,ltd.uk
1055,ooguy.com
1056,s3-website-ap-southeast-2.amazonaws.com
1057,web.tr
1058,camera
1059,com.hn
1060,graphics
1061,s3-ap-northeast-2.amazonaws.com
1062,za.net
1063,amsterdam
1064,auction
1065,menu
1066,nc.us
1067,ru.net
1068,yoga
1069,64-b.it
1070,bot
1071,com.sb
1072,glass
1073,jp.net
1074,k12.mo.us
1075,nt.ca
1076,paris
1077,yk.ca
1078,you
1079,co.uz
1080,dyndns.ws
1081,edu.jo
1082,gov.mn
1083,gov.mv
1084,icbc
1085,k12.id.us
1086,k12.wy.us
1087,mr
1088,nm.us
1089,or.ke
1090,poker
1091,repl.co
1092,ct.us
1093,flights
1094,fox
1095,koeln
1096,org.pe
1097,place
1098,plc.uk
1099,s3-website.ap-northeast-2.amazonaws.com
1100,toys
1101,wroc.pl
1102,audi
1103,dental
1104,film
1105,gotdns.ch
1106,hk.cn
1107,keymachine.de
1108,org.mo
1109,ac.ug
1110,camp
1111,com.ro
1112,ddns.me
1113,go.ug
1114,gov.qa
1115,md.us
1116,mg.gov.br
1117,on-aptible.com
1118,or.ug
1119,org.co
1120,pizza
1121,ac.cr
1122,fashion
1123,fj.cn
1124,kommune.no
1125,odessa.ua
1126,pe.kr
1127,pro.vn
1128,servegame.com
1129,srv.br
1130,ventures
1131,wa.edu.au
1132,wales
1133,ac.rs
1134,istanbul
1135,k12.in.us
1136,s3-ca-central-1.amazonaws.com
1137,vipsinaapp.com
1138,ac.lk
1139,ddnsfree.com
1140,gov.la
1141,nerdpol.ovh
1142,office
1143,restaurant
1144,sz
1145,ac.ae
1146,bel.tr
1147,blogspot.it
1148,blogspot.nl
1149,coach
1150,com.lr
1151,gov.ma
1152,lviv.ua
1153,net.bn
1154,sydney
1155,biz.ua
1156,gov.kz
1157,hamburg
1158,net.mk
1159,nv.us
1160,prod
1161,saxo
1162,bayern
1163,blogspot.ru
1164,bplaced.net
1165,cisco
1166,dynns.com
1167,eco
1168,k12.mi.us
1169,onrender.com
1170,sx.cn
1171,vanguard
1172,co.tt
1173,com.ps
1174,edu.ng
1175,kharkov.ua
1176,ks.ua
1177,net.om
1178,post
1179,fail
1180,fans
1181,gn
1182,gov.py
1183,mo.it
1184,net.mv
1185,realty
1186,selfip.com
1187,wedding
1188,alt.za
1189,boutique
1190,co.vi
1191,com.gi
1192,com.km
1193,com.tj
1194,eu-west-2.elasticbeanstalk.com
1195,go.tz
1196,homeftp.net
1197,k12.oh.us
1198,k12.tr
1199,krakow.pl
1200,pl.ua
1201,sa.gov.au
1202,sport
1203,webhop.me
1204,asso.fr
1205,barcelona
1206,freeddns.org
1207,jl.cn
1208,k12.co.us
1209,kitchen
1210,ne.kr
1211,net.gt
1212,org.sa
1213,pe.ca
1214,scb
1215,tours
1216,blog.br
1217,cc.ca.us
1218,com.sl
1219,cri.nz
1220,demon.nl
1221,game.tw
1222,gmbh
1223,gov.ir
1224,k12.ct.us
1225,net.ma
1226,servemp3.com
1227,zj.cn
1228,army
1229,catholic.edu.au
1230,eng.br
1231,healthcare
1232,hk.org
1233,hl.cn
1234,insure
1235,n4t.co
1236,nx.cn
1237,repair
1238,sn.cn
1239,uberspace.de
1240,webhop.net
1241,baidu
1242,bz.it
1243,clinic
1244,co.ua
1245,com.lk
1246,edu.ua
1247,hn.cn
1248,homelinux.org
1249,if.ua
1250,kh.ua
1251,net.tt
1252,nm.cn
1253,rep.kp
1254,sc.us
1255,shopping
1256,tattoo
1257,xn--io0a7i
1258,cloudaccess.net
1259,com.gu
1260,com.pf
1261,cricket
1262,dvrdns.org
1263,fedorapeople.org
1264,go.cr
1265,gov.ng
1266,gov.scot
1267,gov.sy
1268,ks.us
1269,loginto.me
1270,mh
1271,net.mt
1272,net.py
1273,ngo
1274,rj.gov.br
1275,sncf
1276,srl
1277,vt.us
1278,ac.cy
1279,club.tw
1280,co.ir
1281,com.nf
1282,diskstation.me
1283,dyndns-blog.com
1284,dyndns-server.com
1285,gotdns.org
1286,hi.cn
1287,immo
1288,k12.ia.us
1289,lgbt
1290,miami
1291,microsoft
1292,olsztyn.pl
1293,org.es
1294,sc.gov.br
1295,shoes
1296,supplies
1297,theworkpc.com
1298,ac.ru
1299,ah.cn
1300,black
1301,blogspot.gr
1302,brussels
1303,builders
1304,carrd.co
1305,citic
1306,dating
1307,edu.lb
1308,gov.ie
1309,gub.uy
1310,iobb.net
1311,krd
1312,lg.ua
1313,limited
1314,mba
1315,net.ec
1316,no-ip.net
1317,or.at
1318,pr.gov.br
1319,r.cdn77.net
1320,rentals
1321,seoul.kr
1322,serveirc.com
1323,ski
1324,tuxfamily.org
1325,we.bs
1326,ac.mz
1327,blogspot.com.tr
1328,bologna.it
1329,dnsalias.net
1330,dyndns-ip.com
1331,g12.br
1332,hb.cn
1333,i234.me
1334,k12.la.us
1335,k12.nc.us
1336,melbourne
1337,ne.us
1338,nrw
1339,org.rs
1340,police.uk
1341,s3.dualstack.ap-northeast-1.amazonaws.com
1342,serveblog.net
1343,solar
1344,stuff-4-sale.us
1345,te.ua
1346,za.org
1347,accountant
1348,blogspot.ch
1349,ca-central-1.elasticbeanstalk.com
1350,co.rw
1351,equipment
1352,estate
1353,gov.af
1354,gov.bt
1355,gov.ps
1356,gov.tm
1357,hi.us
1358,k12.ga.us
1359,k12.va.us
1360,katowice.pl
1361,net.ni
1362,nfshost.com
1363,off
1364,opole.pl
1365,osaka.jp
1366,szczecin.pl
1367,university
1368,wien
1369,al.us
1370,ar.us
1371,ba.gov.br
1372,com.kp
1373,com.tn
1374,endofinternet.net
1375,fr.eu.org
1376,gov.pt
1377,info.pl
1378,mom
1379,myjino.ru
1380,org.af
1381,parts
1382,qld.edu.au
1383,to.gov.br
1384,wroclaw.pl
1385,biz.pl
1386,blogspot.com.ar
1387,brother
1388,dance
1389,drayddns.com
1390,edu.mk
1391,financial
1392,forsale
1393,gov.az
1394,gov.rs
1395,haus
1396,iki.fi
1397,k12.ny.us
1398,lublin.pl
1399,mil.ru
1400,mobile
1401,mq
1402,ms.us
1403,mypsx.net
1404,nb.ca
1405,sa.cr
1406,servepics.com
1407,servequake.com
1408,sky
1409,sumy.ua
1410,tur.br
1411,auto
1412,av.tr
1413,az.us
1414,barclays
1415,bzh
1416,clothing
1417,dynalias.com
1418,edu.bn
1419,edu.mn
1420,enterprises
1421,faith
1422,gal
1423,gov.lb
1424,hk.com
1425,homedns.org
1426,hopto.me
1427,in.rs
1428,med.br
1429,mil.co
1430,pro.br
1431,properties
1432,s3.dualstack.ap-southeast-2.amazonaws.com
1433,school.nz
1434,tsk.tr
1435,blogspot.kr
1436,blogspot.pt
1437,bv
1438,bydgoszcz.pl
1439,cheap
1440,cymru
1441,edu.ve
1442,from-ks.com
1443,gb
1444,gop.pk
1445,k12.pa.us
1446,k12.sc.us
1447,lighting
1448,monash
1449,neustar
1450,servecounterstrike.com
1451,sj
1452,ss
1453,ac.ke
1454,ac.tz
1455,aichi.jp
1456,art.br
1457,bj.cn
1458,ce.gov.br
1459,com.ht
1460,construction
1461,df.gov.br
1462,dreamhosters.com
1463,edu.gt
1464,eu-west-3.elasticbeanstalk.com
1465,green
1466,horse
1467,industries
1468,med
1469,mi.it
1470,observer
1471,org.ir
1472,padova.it
1473,poltava.ua
1474,realestate
1475,servehalflife.com
1476,spdns.org
1477,total
1478,webhop.org
1479,xn--p1acf
1480,apple
1481,bible
1482,com.se
1483,csc
1484,de.us
1485,edu.do
1486,edu.mt
1487,fi.cr
1488,gov.kw
1489,insurance
1490,lawyer
1491,leg.br
1492,markets
1493,mortgage
1494,net.qa
1495,okinawa
1496,productions
1497,radio
1498,tm.fr
1499,uz.ua
1500,vote
1501,weir
1502,basketball
1503,biz.tr
1504,brasilia.me
1505,chirurgiens-dentistes.fr
1506,co.sz
1507,cq.cn
1508,credit
1509,discourse.group
1510,edu.gr
1511,edu.lk
1512,gob.cl
1513,gov.bh
1514,gov.by
1515,gov.om
1516,homeunix.com
1517,luxe
1518,med.sa
1519,muni.il
1520,net.kw
1521,nl.ca
1522,nra
1523,outsystemscloud.com
1524,rv.ua
1525,s3-website.us-east-2.amazonaws.com
1526,serveminecraft.net
1527,blogspot.ro
1528,bo.it
1529,cbs
1530,co.ae
1531,com.kg
1532,computer
1533,dattoweb.com
1534,dyndns-office.com
1535,football
1536,gf
1537,gob.do
1538,in-berlin.de
1539,jx.cn
1540,kr.ua
1541,lib.mn.us
1542,lima-city.de
1543,mil.br
1544,net.sb
1545,ok.us
1546,ong
1547,org.uy
1548,rent
1549,tas.gov.au
1550,tn.us
1551,xn--55qx5d
1552,xn--80adxhks
1553,attorney
1554,blogspot.be
1555,blogspot.se
1556,boston
1557,cnt.br
1558,cu.cc
1559,diet
1560,dy.fi
1561,edu.bo
1562,edu.iq
1563,edu.it
1564,edu.qa
1565,fedorainfracloud.org
1566,gov.bs
1567,gov.do
1568,hiroshima.jp
1569,homes
1570,k12.ne.us
1571,k12.nj.us
1572,kanagawa.jp
1573,mk.ua
1574,myfritz.net
1575,myiphost.com
1576,pe.gov.br
1577,quebec
1578,s3-website.eu-west-2.amazonaws.com
1579,s3.dualstack.ap-south-1.amazonaws.com
1580,selfip.net
1581,toscana.it
1582,vacations
1583,webredirect.org
1584,xn--80asehdb
1585,abc
1586,camdvr.org
1587,coop.br
1588,cv.ua
1589,edu.kw
1590,edu.rs
1591,emilia-romagna.it
1592,health.nz
1593,holiday
1594,lidl
1595,memset.net
1596,mus.br
1597,nd.us
1598,nu.ca
1599,org.ng
1600,ruhr
1601,sa.com
1602,sa.edu.au
1603,sc.cn
1604,sd.cn
1605,sd.us
1606,uk0.bigv.io
1607,arq.br
1608,co.gy
1609,edu.et
1610,es.gov.br
1611,furniture
1612,gov.al
1613,gov.lv
1614,investments
1615,java
1616,km.ua
1617,loans
1618,mydrobo.com
1619,mywire.org
1620,repl.run
1621,sardegna.it
1622,spdns.de
1623,study
1624,tirol
1625,alwaysdata.net
1626,blogspot.co.at
1627,blogspot.fi
1628,blogspot.hu
1629,ceo
1630,cologne
1631,coupons
1632,courses
1633,dscloud.me
1634,edu.ee
1635,etc.br
1636,fastvps-server.com
1637,go.gov.br
1638,gob.gt
1639,gov.fj
1640,gov.mk
1641,gov.mz
1642,hokkaido.jp
1643,jetzt
1644,jpn.com
1645,kred
1646,leclerc
1647,lombardia.it
1648,me.us
1649,nh.us
1650,poa.br
1651,re.it
1652,s3.dualstack.us-east-2.amazonaws.com
1653,serveftp.net
1654,zgora.pl
1655,al.gov.br
1656,associates
1657,blogdns.net
1658,blogspot.com.co
1659,blogspot.ie
1660,capetown
1661,ck.ua
1662,college
1663,com.gl
1664,com.ky
1665,doctor
1666,edu.cu
1667,edu.gh
1668,exposed
1669,familyds.com
1670,gov.ky
1671,holdings
1672,homelinux.com
1673,kicks-ass.org
1674,loseyourip.com
1675,man
1676,mil.cn
1677,mil.my
1678,miniserver.com
1679,msk.su
1680,nctu.me
1681,org.mk
1682,radom.pl
1683,s3-website-sa-east-1.amazonaws.com
1684,sucks
1685,toyota
1686,villas
1687,yokohama
1688,za.com
1689,accenture
1690,accesscam.org
1691,alsace
1692,archi
1693,blogspot.ae
1694,blogspot.co.il
1695,blogspot.cz
1696,cloudaccess.host
1697,com.gn
1698,comcast
1699,eco.br
1700,edu.ni
1701,gob.bo
1702,gob.pa
1703,gov.ve
1704,gz.cn
1705,hs.kr
1706,ice
1707,imb.br
1708,k12.ar.us
1709,ky.us
1710,manaus.br
1711,mayfirst.org
1712,mt.gov.br
1713,net.et
1714,net.fj
1715,net.rw
1716,org.py
1717,pa.gov.br
1718,soccer
1719,workisboring.com
1720,ac.fj
1721,bialystok.pl
1722,blogsite.org
1723,blogspot.dk
1724,cloudns.cc
1725,cn-northwest-1.eb.amazonaws.com.cn
1726,com.vi
1727,dentist
1728,durban
1729,dyndns-home.com
1730,dyndns-remote.com
1731,edu.om
1732,gov.cy
1733,gov.ge
1734,gov.tt
1735,intel
1736,joburg
1737,k12.de.us
1738,k12.il.us
1739,k12.tx.us
1740,ma.gov.br
1741,map
1742,nagoya
1743,net.eg
1744,pr.it
1745,qualifioapp.com
1746,rzeszow.pl
1747,saitama.jp
1748,salon
1749,schwarz
1750,se.net
1751,shizuoka.jp
1752,spb.su
1753,static.observableusercontent.com
1754,ufcfan.org
1755,ui.nabu.casa
1756,vlaanderen
1757,warszawa.pl
1758,withyoutube.com
1759,yahoo
1760,zero
1761,ac.zw
1762,ar.com
1763,blogspot.pe
1764,cdn77-ssl.net
1765,cern
1766,ciscofreak.com
1767,co.im
1768,co.om
1769,com.ba
1770,com.by
1771,com.fr
1772,compute.amazonaws.com
1773,dsmynas.com
1774,dynalias.net
1775,edu.bh
1776,feedback
1777,geek.nz
1778,gov.sd
1779,gov.tl
1780,gov.ws
1781,info.tr
1782,k12.al.us
1783,k12.az.us
1784,kalisz.pl
1785,mo.cn
1786,net.ly
1787,net.ng
1788,nsupdate.info
1789,org.la
1790,org.lb
1791,puglia.it
1792,quipelements.com
1793,reisen
1794,search
1795,trust
1796,xn--3ds443g
1797,xn--6qq986b3xl
1798,ac.ma
1799,adm.br
1800,art.pl
1801,azure
1802,baby
1803,bing
1804,blogspot.no
1805,casacam.net
1806,claims
1807,cleaning
1808,com.bt
1809,cs.it
1810,czest.pl
1811,dep.no
1812,dscloud.biz
1813,edu.ps
1814,edu.sv
1815,eun.eg
1816,fi.it
1817,forex
1818,gliwice.pl
1819,gov.et
1820,gov.gh
1821,guitars
1822,kaufen
1823,lib.tx.us
1824,malopolska.pl
1825,moda
1826,myasustor.com
1827,net.bo
1828,net.eu.org
1829,net.uy
1830,no.com
1831,now
1832,or.cr
1833,org.gt
1834,property
1835,ra.it
1836,s3-website.ap-south-1.amazonaws.com
1837,s3.dualstack.ap-northeast-2.amazonaws.com
1838,saarland
1839,selfip.org
1840,serveftp.org
1841,soy
1842,tw.cn
1843,ulsan.kr
1844,xn--fiqs8s
1845,xn--ses554g
1846,actor
1847,apartments
1848,appchizi.com
1849,bargains
1850,blogspot.co.nz
1851,cci.fr
1852,chiba.jp
1853,ddnss.de
1854,dedyn.io
1855,diamonds
1856,edu.sd
1857,fishing
1858,gdynia.pl
1859,gop
1860,idf.il
1861,immobilien
1862,is-a-geek.com
1863,iwate.jp
1864,jewelry
1865,k12.ak.us
1866,lib.md.us
1867,lpusercontent.com
1868,ltda
1869,media.pl
1870,mil.ph
1871,milano.it
1872,nf.ca
1873,orange
1874,org.cy
1875,pisz.pl
1876,pp.ru
1877,pp.se
1878,pulawy.pl
1879,security
1880,singles
1881,sklep.pl
1882,uber.space
1883,zarow.pl
1884,aaa
1885,airforce
1886,anz
1887,azurecontainer.io
1888,blackfriday
1889,cooking
1890,damnserver.com
1891,data
1892,dd-dns.de
1893,dnsalias.org
1894,donetsk.ua
1895,edu.py
1896,elblag.pl
1897,engineer
1898,florist
1899,futbol
1900,gmail
1901,gob.ni
1902,gov.bm
1903,gov.cl
1904,gov.dz
1905,gov.gr
1906,ibaraki.jp
1907,k12.me.us
1908,k12.nv.us
1909,kumamoto.jp
1910,llp
1911,mp.br
1912,ms.gov.br
1913,ms.kr
1914,myfirewall.org
1915,nagano.jp
1916,net.cu
1917,noip.us
1918,nom.es
1919,org.mt
1920,physio
1921,ri.us
1922,s3-website.ca-central-1.amazonaws.com
1923,selfip.biz
1924,tennis
1925,tn.it
1926,voyage
1927,webhop.info
1928,xn--90ais
1929,xn--czr694b
1930,a.prod.fastly.net
1931,africa.com
1932,am.gov.br
1933,b.br
1934,bergamo.it
1935,bg.it
1936,blogspot.cl
1937,blogspot.com.ng
1938,blogspot.sk
1939,catering
1940,cba
1941,cc.fl.us
1942,cc.or.us
1943,cc.ua
1944,co.na
1945,compute-1.amazonaws.com
1946,contact
1947,contractors
1948,ditchyourip.com
1949,does-it.net
1950,doesntexist.com
1951,edu.ba
1952,es.kr
1953,firm.in
1954,fortal.br
1955,free
1956,fukuoka.jp
1957,gen.in
1958,gov.ba
1959,gov.rw
1960,gsm.pl
1961,gunma.jp
1962,idv.hk
1963,itau
1964,lib.or.us
1965,mielec.pl
1966,name.tr
1967,nara.jp
1968,ne.pw
1969,net.gr
1970,net.gy
1971,nsn.us
1972,okayama.jp
1973,okinawa.jp
1974,org.bo
1975,org.gr
1976,org.tn
1977,org.zm
1978,organic
1979,plumbing
1980,point2this.com
1981,priv.at
1982,pv.it
1983,rn.gov.br
1984,roma.it
1985,rugby
1986,s3-fips-us-gov-west-1.amazonaws.com
1987,s3.dualstack.eu-central-1.amazonaws.com
1988,space-to-rent.com
1989,square7.ch
1990,stufftoread.com
1991,tcp4.me
1992,to.it
1993,tur.ar
1994,twmail.org
1995,web.lk
1996,wv.us
1997,xn--vuq861b
1998,a.se
1999,ac.im
2000,agr.br
2001,akita.jp
2002,amazon
2003,bbc
2004,boleslawiec.pl
2005,bom
2006,career
2007,channelsdvr.net
2008,cloud.goog
2009,com.cm
2010,dsmynas.org
2011,dynalias.org
2012,edu.af
2013,edu.az
2014,edu.lv
2015,fage
2016,forgot.his.name
2017,fukushima.jp
2018,fvg.it
2019,gouv.sn
2020,gov.to
2021,hiv
2022,info.ve
2023,jnj
2024,k12.ms.us
2025,kagoshima.jp
2026,kyoto
2027,madrid
2028,memorial
2029,mma
2030,mov
2031,msd
2032,name.ng
2033,net.jo
2034,net.ki
2035,next
2036,notaires.fr
2037,of.by
2038,org.do
2039,org.mw
2040,org.mz
2041,org.zw
2042,oz
2043,pb.gov.br
2044,rio
2045,ro.gov.br
2046,s3.dualstack.sa-east-1.amazonaws.com
2047,sells-it.net
2048,servep2p.com
2049,sicilia.it
2050,spdns.eu
2051,suwalki.pl
2052,theater
2053,toyama.jp
2054,trieste.it
2055,tv.bo
2056,urown.cloud
2057,webhosting.be
2058,wpdevcloud.com
2059,ac.me
2060,beep.pl
2061,blogspot.qa
2062,brescia.it
2063,cc.id.us
2064,cc.il.us
2065,com.kz
2066,com.vu
2067,corsica
2068,crimea.ua
2069,cuisinella
2070,dyndns-free.com
2071,edu.al
2072,edu.eu.org
2073,flowers
2074,foo
2075,from-ne.com
2076,from.hr
2077,fukui.jp
2078,gb.net
2079,genova.it
2080,gives
2081,gos.pk
2082,hockey
2083,honda
2084,hospital
2085,hyogo.jp
2086,is-by.us
2087,it.ao
2088,k12.ma.us
2089,k12.ok.us
2090,komatsu
2091,konin.pl
2092,legnica.pl
2093,lib.ia.us
2094,lib.mi.us
2095,lubin.pl
2096,myddns.rocks
2097,na.it
2098,ne.tz
2099,net.pa
2100,niigata.jp
2101,nordreisa.no
2102,org.fj
2103,org.hu
2104,org.qa
2105,org.ro
2106,org.rw
2107,org.sv
2108,per.sg
2109,pid
2110,pisa.it
2111,podzone.net
2112,ponpes.id
2113,read
2114,sandvik
2115,se.gov.br
2116,sendai.jp
2117,servebbs.com
2118,sew
2119,sina
2120,slask.pl
2121,tatar
2122,tienda
2123,tottori.jp
2124,townnews-staging.com
2125,ud.it
2126,us-3.evennode.com
2127,veneto.it
2128,wakayama.jp
2129,weber
2130,wielun.pl
2131,xn--54b7fta0cc
2132,xn--c1avg
2133,xn--d1acj3b
2134,xn--kput3i
2135,xn--mk1bu44c
2136,yamagata.jp
2137,zagan.pl
2138,anjo.aichi.jp
2139,art.museum
2140,avellino.it
2141,basicserver.io
2142,blogspot.co.za
2143,blogspot.com.eg
2144,bs.it
2145,calabria.it
2146,campania.it
2147,cloudns.pro
2148,cn.ua
2149,co.je
2150,co.network
2151,co.nl
2152,doesntexist.org
2153,dontexist.com
2154,dontexist.org
2155,edu.dz
2156,edu.mg
2157,elk.pl
2158,enterprisecloud.nu
2159,far.br
2160,fin.ec
2161,for-better.biz
2162,fr.it
2163,freeboxos.fr
2164,from-or.com
2165,gent
2166,gouv.ci
2167,gov.bb
2168,gov.iq
2169,gov.kg
2170,gov.ly
2171,gov.zm
2172,gripe
2173,gv.ao
2174,he.cn
2175,hot
2176,isa-geek.org
2177,jgora.pl
2178,k12.ks.us
2179,k12.ky.us
2180,kiwi.nz
2181,kyoto.jp
2182,landrover
2183,limo
2184,luxury
2185,magentosite.cloud
2186,malbork.pl
2187,marche.it
2188,miyagi.jp
2189,modena.it
2190,moi
2191,myeffect.net
2192,naklo.pl
2193,name.my
2194,napoli.it
2195,nov.ru
2196,odo.br
2197,office-on-the.net
2198,open
2199,org.bt
2200,org.ge
2201,org.im
2202,org.kw
2203,org.kz
2204,org.ma
2205,org.pa
2206,ownprovider.com
2207,perugia.it
2208,phone
2209,piemonte.it
2210,pila.pl
2211,pin
2212,podzone.org
2213,psc.br
2214,rio.br
2215,rybnik.pl
2216,s3-website.eu-west-3.amazonaws.com
2217,s5y.io
2218,sanok.pl
2219,schule
2220,selfip.info
2221,shiksha
2222,slupsk.pl
2223,smart
2224,storage
2225,tgory.pl
2226,tochigi.jp
2227,toray
2228,tychy.pl
2229,va.it
2230,vda.it
2231,vet.br
2232,vgs.no
2233,wloclawek.pl
2234,xn--hxt814e
2235,xn--t60b56a
2236,yamanashi.jp
2237,yokohama.jp
2238,abudhabi
2239,ac.pa
2240,ac.rw
2241,act.edu.au
2242,advisor.ws
2243,aeroport.fr
2244,agric.za
2245,analytics
2246,ap.gov.br
2247,aq.it
2248,arakawa.tokyo.jp
2249,aso.kumamoto.jp
2250,at-band-camp.net
2251,blogdns.com
2252,blogspot.co.ke
2253,blogspot.mk
2254,bms
2255,chambagri.fr
2256,charity
2257,cn.it
2258,country
2259,cpa
2260,dad
2261,day
2262,ddnss.org
2263,def.br
2264,definima.net
2265,dell
2266,dot
2267,dvrcam.info
2268,dyn
2269,dyndns-work.com
2270,edu.es
2271,edu.ge
2272,edu.krd
2273,edu.ly
2274,edu.mv
2275,edu.pt
2276,eu.int
2277,familyds.net
2278,firenze.it
2279,firmdale
2280,floripa.br
2281,fly
2282,fm.br
2283,fot.br
2284,from-ca.com
2285,from-mo.com
2286,fukuyama.hiroshima.jp
2287,game-server.cc
2288,gdansk.pl
2289,gifu.jp
2290,gmina.pl
2291,gob.hn
2292,gov.kp
2293,gov.ls
2294,gov.me
2295,gov.mg
2296,gov.ml
2297,gov.mu
2298,gov.sl
2299,gov.vc
2300,gr.com
2301,gs.cn
2302,hitachi
2303,hkt
2304,homeoffice.gov.uk
2305,hotmail
2306,intuit
2307,is-leet.com
2308,ishikawa.jp
2309,istmein.de
2310,jcb
2311,k12.nh.us
2312,klodzko.pl
2313,lapy.pl
2314,lease
2315,lego
2316,lib.fl.us
2317,lib.in.us
2318,lib.la.us
2319,liguria.it
2320,linde
2321,livorno.it
2322,lomza.pl
2323,ltd.ua
2324,lutsk.ua
2325,mazury.pl
2326,mil.kr
2327,minato.tokyo.jp
2328,mlbfan.org
2329,my-firewall.org
2330,my-router.de
2331,nagasaki.jp
2332,nagoya.jp
2333,net.kg
2334,net.sy
2335,nieruchomosci.pl
2336,nom.co
2337,oita.jp
2338,org.al
2339,org.bw
2340,org.gg
2341,org.ls
2342,org.sz
2343,parliament.nz
2344,pc.pl
2345,pg.it
2346,philips
2347,pioneer
2348,pointto.us
2349,ppg.br
2350,prd.fr
2351,ras.ru
2352,read-books.org
2353,rich
2354,rimini.it
2355,sapporo.jp
2356,sch.ng
2357,school.za
2358,servebbs.org
2359,seto.aichi.jp
2360,sopot.pl
2361,sos.pl
2362,sv.it
2363,swidnica.pl
2364,taobao
2365,thruhere.net
2366,tires
2367,tv.tr
2368,venezia.it
2369,versicherung
2370,vi.it
2371,viajes
2372,vodka
2373,vpndns.net
2374,walbrzych.pl
2375,web.pk
2376,wed
2377,xen.prgmr.com
2378,xn--j1amh
2379,xn--j6w193g
2380,xn--o3cw4h
2381,xn--tckwe
2382,xz.cn
2383,yn.cn
2384,ac.gov.br
2385,ac.mu
2386,ac.se
2387,ac.zm
2388,adachi.tokyo.jp
2389,ae.org
2390,ag.it
2391,aig
2392,akita.akita.jp
2393,ama.aichi.jp
2394,aomori.jp
2395,ar.it
2396,axa
2397,azumino.nagano.jp
2398,basilicata.it
2399,beppu.oita.jp
2400,bhz.br
2401,bio.br
2402,bitballoon.com
2403,blogspot.hr
2404,blogspot.rs
2405,boo
2406,br.it
2407,broker
2408,bsb.br
2409,bungotakada.oita.jp
2410,bunkyo.tokyo.jp
2411,bytom.pl
2412,cc.ia.us
2413,cc.wa.us
2414,cfa
2415,christmas
2416,cloudns.org
2417,co.me
2418,co.pl
2419,coin
2420,com.iq
2421,com.lc
2422,com.so
2423,com.tm
2424,com.uz
2425,com.zm
2426,creditunion
2427,ct.it
2428,cyon.site
2429,democrat
2430,dh.bytemark.co.uk
2431,diskstation.org
2432,dnsdojo.net
2433,dnsfor.me
2434,dnsup.net
2435,doomdns.com
2436,dweb.link
2437,dyndns-at-home.com
2438,dyndns-at-work.com
2439,dyndns-mail.com
2440,dynvpn.de
2441,ed.cr
2442,edu.bt
2443,edu.hn
2444,edu.kz
2445,edu.ml
2446,edu.pa
2447,edu.sy
2448,ehime.jp
2449,endofinternet.org
2450,esp.br
2451,eu-2.evennode.com
2452,eu-4.evennode.com
2453,fast
2454,fedex
2455,freesite.host
2456,fujieda.shizuoka.jp
2457,fukui.fukui.jp
2458,game-host.org
2459,gangwon.kr
2460,ge.it
2461,glogow.pl
2462,gniezno.pl
2463,go.dyndns.org
2464,gob.pk
2465,got
2466,gouv.bj
2467,gov.bf
2468,gov.gi
2469,gov.gy
2470,gov.lt
2471,gov.pr
2472,gov.sb
2473,gov.tn
2474,ham-radio-op.net
2475,hiphop
2476,i2p
2477,ichinoseki.iwate.jp
2478,id.lv
2479,in-brb.de
2480,incheon.kr
2481,inf.cu
2482,ing
2483,is-a-doctor.com
2484,is-a-geek.net
2485,is-a-geek.org
2486,jdevcloud.com
2487,jll
2488,jor.br
2489,juegos
2490,k12.vt.us
2491,kherson.ua
2492,kobe.jp
2493,kochi.jp
2494,kutno.pl
2495,lanxess
2496,lel.br
2497,lib.il.us
2498,like
2499,lpl
2500,mango
2501,mantova.it
2502,mattel
2503,me.it
2504,med.pl
2505,meteorapp.com
2506,mg.leg.br
2507,mil.ar
2508,mil.nz
2509,mil.pl
2510,misconfused.org
2511,mit
2512,mn.it
2513,molise.it
2514,mtn
2515,mypets.ws
2516,nat.tn
2517,net.ml
2518,net.mo
2519,nhk
2520,no-ip.ca
2521,nohost.me
2522,nom.br
2523,nym.sk
2524,nysa.pl
2525,olkusz.pl
2526,org.bh
2527,org.bz
2528,org.et
2529,org.hn
2530,org.jo
2531,org.lk
2532,org.lv
2533,org.na
2534,org.ni
2535,org.sd
2536,org.sy
2537,ostroleka.pl
2538,ota.tokyo.jp
2539,pa.it
2540,pc.it
2541,pi.gov.br
2542,pi.it
2543,pol.tr
2544,pomorskie.pl
2545,port.fr
2546,potager.org
2547,prato.it
2548,priv.pl
2549,pru
2550,qh.cn
2551,radio.br
2552,realm.cz
2553,reise
2554,rm.it
2555,rn.it
2556,rodeo
2557,ryukyu
2558,s3-eu-west-3.amazonaws.com
2559,sampa.br
2560,sc.ke
2561,science.museum
2562,seat
2563,sejny.pl
2564,setagaya.tokyo.jp
2565,siena.it
2566,soka.saitama.jp
2567,sosnowiec.pl
2568,sr.it
2569,stargard.pl
2570,surgery
2571,suzuki
2572,tarnobrzeg.pl
2573,tas.edu.au
2574,torino.it
2575,toyama.toyama.jp
2576,toyota.aichi.jp
2577,travel.pl
2578,trv
2579,tui
2580,tula.su
2581,tv.it
2582,twmail.cc
2583,ve.it
2584,vlog.br
2585,vm.bytemark.co.uk
2586,web.ve
2587,web.za
2588,webhop.biz
2589,website.yandexcloud.net
2590,windows
2591,wme
2592,woodside
2593,xn--3e0b707e
2594,xn--9dbq2a
2595,xn--fiq228c5hs
2596,xn--l1acc
2597,zakopane.pl
2598,zt.ua
2599,abiko.chiba.jp
2600,accountants
2601,aco
2602,afl
2603,agro.pl
2604,aju.br
2605,al.leg.br
2606,alibaba
2607,alipay
2608,am.br
2609,amagasaki.hyogo.jp
2610,an.it
2611,android
2612,arts.ro
2613,asahikawa.hokkaido.jp
2614,at.it
2615,atsugi.kanagawa.jp
2616,autos
2617,awdev.ca
2618,ba.it
2619,bari.it
2620,bbs
2621,bedzin.pl
2622,bl.it
2623,blogdns.org
2624,blogspot.ba
2625,blogspot.bg
2626,blogspot.com.by
2627,blogspot.com.uy
2628,blogspot.si
2629,blogspot.sn
2630,bmw
2631,bnr.la
2632,bolzano.it
2633,book
2634,call
2635,campinas.br
2636,campobasso.it
2637,cancerresearch
2638,caserta.it
2639,caxias.br
2640,cc.al.us
2641,cc.ar.us
2642,cc.ga.us
2643,ceb
2644,ch.it
2645,cieszyn.pl
2646,clubmed
2647,co.ci
2648,co.gg
2649,co.no
2650,com.az
2651,com.bb
2652,com.bs
2653,com.dz
2654,com.sd
2655,com.sy
2656,condos
2657,creditcard
2658,cruises
2659,daisen.akita.jp
2660,dc.us
2661,deal
2662,degree
2663,diy
2664,dnp
2665,docs
2666,drive
2667,dsmynas.net
2668,ebiz.tw
2669,edu.bb
2670,edu.ht
2671,edu.kg
2672,edu.ky
2673,edu.la
2674,emr.it
2675,ens.tn
2676,ericsson
2677,erni
2678,esq
2679,familyds.org
2680,fc.it
2681,fe.it
2682,for-our.info
2683,ford
2684,forumz.info
2685,from-ak.com
2686,from-co.net
2687,from-ga.com
2688,fuji.shizuoka.jp
2689,fujisawa.kanagawa.jp
2690,fukushima.fukushima.jp
2691,funabashi.chiba.jp
2692,furukawa.miyagi.jp
2693,gets-it.net
2694,gmo
2695,gnu
2696,gok.pk
2697,gotpantheon.com
2698,gouv.ht
2699,gouv.ml
2700,gov.dm
2701,gov.ec
2702,gov.gn
2703,gov.lc
2704,gov.mr
2705,gov.mw
2706,gov.sc
2707,gov.zw
2708,gucci
2709,hakuba.nagano.jp
2710,hbo
2711,hermes
2712,hicam.net
2713,hirakata.osaka.jp
2714,hisamitsu
2715,home.dyndns.org
2716,homeftp.org
2717,homeunix.org
2718,hu.com
2719,i.ph
2720,id.ir
2721,ilawa.pl
2722,imabari.ehime.jp
2723,imizu.toyama.jp
2724,inf.ua
2725,info.at
2726,info.hu
2727,int.ru
2728,iruma.saitama.jp
2729,is-a-chef.net
2730,is-an-engineer.com
2731,is-lost.org
2732,isteingeek.de
2733,itv
2734,iwata.shizuoka.jp
2735,iwi.nz
2736,iz.hr
2737,jmp
2738,juniper
2739,k12.md.us
2740,k12.ri.us
2741,kagawa.jp
2742,kasuga.fukuoka.jp
2743,kawakami.nagano.jp
2744,kerrylogistics
2745,ketrzyn.pl
2746,kharkiv.ua
2747,knowsitall.info
2748,kolobrzeg.pl
2749,kr.com
2750,kyiv.ua
2751,lazio.it
2752,le.it
2753,leitungsen.de
2754,lezajsk.pl
2755,lib
2756,lib.al.us
2757,lib.me.us
2758,lib.nh.us
2759,lib.nv.us
2760,lib.oh.us
2761,lu.it
2762,lukow.pl
2763,marriott
2764,marugame.kagawa.jp
2765,matsumoto.nagano.jp
2766,med.ec
2767,medecin.fr
2768,messina.it
2769,mie.jp
2770,mielno.pl
2771,mihama.wakayama.jp
2772,mil.ec
2773,mil.lv
2774,mil.pe
2775,mini
2776,miura.kanagawa.jp
2777,miyazaki.jp
2778,ms.it
2779,mt.leg.br
2780,mtr
2781,my-wan.de
2782,mypep.link
2783,nagaoka.niigata.jp
2784,net.cm
2785,net.ir
2786,net.la
2787,netflix
2788,nike
2789,nom.fr
2790,nom.si
2791,now-dns.net
2792,nsw.au
2793,nu.it
2794,nym.li
2795,olecko.pl
2796,on-rio.io
2797,on-web.fr
2798,or.it
2799,org.ae
2800,org.az
2801,org.ee
2802,org.gh
2803,org.kg
2804,org.ki
2805,org.ky
2806,org.mn
2807,org.mv
2808,org.pt
2809,org.tt
2810,org.ug
2811,osaka
2812,oslo.no
2813,ostrowiec.pl
2814,ott
2815,ozu.ehime.jp
2816,palermo.it
2817,pay
2818,pd.it
2819,pictet
2820,ping
2821,pl.eu.org
2822,play
2823,polkowice.pl
2824,pri.ee
2825,prime
2826,priv.no
2827,prudential
2828,quest
2829,rec.br
2830,red.sv
2831,rehab
2832,ril
2833,ro.leg.br
2834,rr.gov.br
2835,rs.leg.br
2836,s3.dualstack.ca-central-1.amazonaws.com
2837,safe
2838,safety
2839,saga.jp
2840,saijo.ehime.jp
2841,saku.nagano.jp
2842,samsung
2843,sandcats.io
2844,sarl
2845,sbs
2846,sch.ae
2847,sebastopol.ua
2848,servesarcasm.com
2849,ses
2850,shell
2851,shikokuchuo.ehime.jp
2852,skjervoy.no
2853,skype
2854,slz.br
2855,sm.ua
2856,so.it
2857,sohu
2858,soja.okayama.jp
2859,sr.gov.pl
2860,star
2861,store.ro
2862,sumida.tokyo.jp
2863,suzaka.nagano.jp
2864,syno-ds.de
2865,synology-ds.de
2866,takamatsu.kagawa.jp
2867,takatsuki.osaka.jp
2868,taranto.it
2869,temp-dns.com
2870,tm.se
2871,tmp.br
2872,toda.saitama.jp
2873,tokushima.jp
2874,toyonaka.osaka.jp
2875,toyone.aichi.jp
2876,trd.br
2877,turek.pl
2878,tvs
2879,ug.gov.pl
2880,unusualperson.com
2881,ups
2882,user.srcf.net
2883,utsunomiya.tochigi.jp
2884,uwajima.ehime.jp
2885,uzhgorod.ua
2886,vapor.cloud
2887,verona.it
2888,vic.au
2889,vinnica.ua
2890,virtualuser.de
2891,wakayama.wakayama.jp
2892,walter
2893,wiki.br
2894,wow
2895,xerox
2896,xn--3bst00m
2897,xn--6frz82g
2898,xn--czru2d
2899,xn--ngbc5azd
2900,xn--vhquv
2901,xs4all.space
2902,yamaguchi.jp
2903,yao.osaka.jp
2904,yun
2905,001www.com
2906,0emm.com
2907,16-b.it
2908,1kapp.com
2909,4lima.de
2910,abb
2911,abbvie
2912,abc.br
2913,abogado
2914,abruzzo.it
2915,ac.leg.br
2916,ac.mw
2917,achi.nagano.jp
2918,agano.niigata.jp
2919,agrar.hu
2920,agrinet.tn
2921,aguni.okinawa.jp
2922,aid.pl
2923,airtel
2924,aizuwakamatsu.fukushima.jp
2925,akiruno.tokyo.jp
2926,al.no
2927,alesund.no
2928,allfinanz
2929,alpha-myqnapcloud.com
2930,amakusa.kumamoto.jp
2931,americanexpress
2932,ancona.it
2933,ao.it
2934,aoki.nagano.jp
2935,aol
2936,aomori.aomori.jp
2937,aosta.it
2938,apigee.io
2939,arezzo.it
2940,asago.hyogo.jp
2941,asahi.chiba.jp
2942,asahi.toyama.jp
2943,asahi.yamagata.jp
2944,asakuchi.okayama.jp
2945,ashgabad.su
2946,ashikaga.tochigi.jp
2947,asso.mc
2948,asti.it
2949,audible
2950,augustow.pl
2951,auspost
2952,auto.pl
2953,avocat.fr
2954,ayase.kanagawa.jp
2955,barueri.br
2956,bauhaus
2957,bazar
2958,bcg
2959,bcn
2960,bd.se
2961,belem.br
2962,bentley
2963,bestbuy
2964,bialowieza.pl
2965,bielawa.pl
2966,bieszczady.pl
2967,biz.gl
2968,blogsite.xyz
2969,blogspot.al
2970,blogspot.com.ee
2971,blogspot.com.mt
2972,blogspot.is
2973,blogspot.li
2974,blogspot.lt
2975,blogspot.md
2976,blogspot.ug
2977,blogsyte.com
2978,boats
2979,bodo.no
2980,boldlygoingnowhere.org
2981,bolivia.bo
2982,bolt.hu
2983,bostik
2984,broadway
2985,bt.it
2986,bu.no
2987,builtwithdark.com
2988,busan.kr
2989,buy
2990,buyshouses.net
2991,c.la
2992,capitalone
2993,cars
2994,cc.az.us
2995,cc.la.us
2996,cc.ms.us
2997,cc.nj.us
2998,cc.nm.us
2999,cc.tx.us
3000,ce.it
3001,channel
3002,cherkasy.ua
3003,chigasaki.kanagawa.jp
3004,chihayaakasaka.osaka.jp
3005,chikushino.fukuoka.jp
3006,chofu.tokyo.jp
3007,chuo.tokyo.jp
3008,chuo.yamanashi.jp
3009,cim.br
3010,citi
3011,co.business
3012,co.ca
3013,co.cm
3014,co.cz
3015,co.mu
3016,co.place
3017,codespot.com
3018,com.cw
3019,com.ee
3020,com.im
3021,com.io
3022,com.lv
3023,com.ml
3024,com.ms
3025,com.tt
3026,como.it
3027,coop.py
3028,cr.it
3029,cremona.it
3030,crotone.it
3031,crown
3032,curitiba.br
3033,customer.speedpartner.de
3034,daegu.kr
3035,database.museum
3036,date.hokkaido.jp
3037,de.cool
3038,dealer
3039,discover
3040,diskstation.eu
3041,dlugoleka.pl
3042,dnsdojo.com
3043,dnsupdater.de
3044,dontexist.net
3045,dtv
3046,dynathome.net
3047,dyndns-wiki.com
3048,eat
3049,ebetsu.hokkaido.jp
3050,ebina.kanagawa.jp
3051,ecn.br
3052,edeka
3053,edu.bi
3054,edu.bs
3055,edu.bz
3056,edu.gn
3057,edu.kn
3058,edu.kp
3059,edu.lr
3060,edu.mw
3061,edu.mz
3062,edu.pf
3063,edu.so
3064,edu.tm
3065,edu.za
3066,edu.zm
3067,education.tas.edu.au
3068,emp.br
3069,en.it
3070,endoftheinternet.org
3071,eniwa.hokkaido.jp
3072,epson
3073,est-a-la-maison.com
3074,etajima.hiroshima.jp
3075,eu.meteorapp.com
3076,exit
3077,farmers
3078,feste-ip.net
3079,fhs.no
3080,fhsk.se
3081,fiat
3082,firewall-gateway.com
3083,firewall-gateway.de
3084,firewall-gateway.net
3085,flir
3086,foggia.it
3087,folkebibl.no
3088,for-more.biz
3089,for-the.biz
3090,forli-cesena.it
3091,forum
3092,forum.hu
3093,free.hr
3094,from-de.com
3095,from-ia.com
3096,from-id.com
3097,from-md.com
3098,from-mt.com
3099,from-nh.com
3100,from-nj.com
3101,from-ok.com
3102,from-sc.com
3103,from-wa.com
3104,frontier
3105,fst.br
3106,ftpaccess.cc
3107,ftr
3108,fuchu.hiroshima.jp
3109,fuchu.tokyo.jp
3110,fuefuki.yamanashi.jp
3111,fujimi.saitama.jp
3112,fujimino.saitama.jp
3113,fujioka.gunma.jp
3114,fukagawa.hokkaido.jp
3115,fukaya.saitama.jp
3116,fukuroi.shizuoka.jp
3117,furano.hokkaido.jp
3118,fussa.tokyo.jp
3119,gamagori.aichi.jp
3120,gay
3121,gb.com
3122,gea
3123,geekgalaxy.com
3124,geisei.kochi.jp
3125,genting
3126,globo
3127,gmx
3128,golffan.us
3129,gov.cm
3130,gov.ki
3131,gov.kn
3132,gov.lr
3133,gov.ms
3134,gov.so
3135,gov.sx
3136,gov.tj
3137,grocery
3138,grosseto.it
3139,gru.br
3140,gs.bu.no
3141,guardian
3142,h.bg
3143,hadano.kanagawa.jp
3144,hanamaki.iwate.jp
3145,hasura-app.io
3146,health-carereform.com
3147,health.vn
3148,hepforge.org
3149,higashimatsushima.miyagi.jp
3150,hinohara.tokyo.jp
3151,hiraizumi.iwate.jp
3152,hirata.fukushima.jp
3153,hiraya.nagano.jp
3154,hl.no
3155,hobby-site.com
3156,homedepot
3157,homesecuritymac.com
3158,horten.no
3159,hotels
3160,i.ng
3161,ibaraki.osaka.jp
3162,ichinomiya.aichi.jp
3163,iheya.okinawa.jp
3164,ikano
3165,inc.hk
3166,info.az
3167,info.ec
3168,info.ro
3169,ingatlan.hu
3170,ip6.arpa
3171,ipiranga
3172,is-a-chef.org
3173,is-a-cpa.com
3174,is-a-guru.com
3175,is-a-lawyer.com
3176,is-a-player.com
3177,is-a-soxfan.org
3178,is-certified.com
3179,is-found.org
3180,is-saved.org
3181,is-very-evil.org
3182,is-very-good.org
3183,isa-geek.net
3184,isesaki.gunma.jp
3185,iwakuni.yamaguchi.jp
3186,iwakura.aichi.jp
3187,iwamizawa.hokkaido.jp
3188,izena.okinawa.jp
3189,izumi.kagoshima.jp
3190,izumisano.osaka.jp
3191,izumizaki.fukushima.jp
3192,jaworzno.pl
3193,jcp
3194,joetsu.niigata.jp
3195,k.se
3196,k12.nm.us
3197,k12.tn.us
3198,kamikitayama.nara.jp
3199,kaneyama.yamagata.jp
3200,kashihara.nara.jp
3201,kasukabe.saitama.jp
3202,kawaba.gunma.jp
3203,kawakami.nara.jp
3204,kawanishi.hyogo.jp
3205,kawasaki.jp
3206,kep.tr
3207,kg.kr
3208,kia
3209,kishiwada.osaka.jp
3210,kiso.nagano.jp
3211,kitaaiki.nagano.jp
3212,kitayama.wakayama.jp
3213,kobierzyce.pl
3214,kokubunji.tokyo.jp
3215,komatsu.ishikawa.jp
3216,komono.mie.jp
3217,kosai.shizuoka.jp
3218,kosuge.yamanashi.jp
3219,kpn
3220,krasnodar.su
3221,kristiansand.no
3222,kuji.iwate.jp
3223,l.se
3224,lamborghini
3225,laspezia.it
3226,latina.it
3227,law.za
3228,lc.it
3229,lcube-server.de
3230,lds
3231,lebork.pl
3232,lecco.it
3233,li.it
3234,lib.ar.us
3235,lib.ca.us
3236,lib.co.us
3237,lib.ct.us
3238,lib.de.us
3239,lib.ma.us
3240,lib.ms.us
3241,lib.mt.us
3242,lib.nj.us
3243,lib.ny.us
3244,lib.pa.us
3245,lib.va.us
3246,lib.wi.us
3247,likescandy.com
3248,lilly
3249,limanowa.pl
3250,lo.it
3251,lodi.it
3252,loft
3253,lolipop.io
3254,lowicz.pl
3255,lubartow.pl
3256,lucca.it
3257,maceio.br
3258,mail.pl
3259,maison
3260,mallorca.museum
3261,mb.it
3262,mc.it
3263,meguro.tokyo.jp
3264,metlife
3265,micro
3266,mifune.kumamoto.jp
3267,mihama.fukui.jp
3268,mil.al
3269,mil.by
3270,mil.do
3271,mil.ng
3272,mil.no
3273,mil.qa
3274,mil.uy
3275,mil.ve
3276,mil.za
3277,minamiminowa.nagano.jp
3278,mincom.tn
3279,mitsue.nara.jp
3280,mmafan.biz
3281,monza.it
3282,moriguchi.osaka.jp
3283,morioka.iwate.jp
3284,morotsuka.miyazaki.jp
3285,moroyama.saitama.jp
3286,moss.no
3287,mozilla-iot.org
3288,mragowo.pl
3289,museum.no
3290,mydissent.net
3291,mymailer.com.tw
3292,mypi.co
3293,mysecuritycamera.com
3294,nagano.nagano.jp
3295,naka.hiroshima.jp
3296,namie.fukushima.jp
3297,nanao.ishikawa.jp
3298,nanporo.hokkaido.jp
3299,nanto.toyama.jp
3300,nba
3301,neat-url.com
3302,nec
3303,neo
3304,net.az
3305,net.cy
3306,net.ge
3307,net.lv
3308,net.to
3309,net.vu
3310,net.ws
3311,nfl
3312,nic.za
3313,niimi.okayama.jp
3314,nishiizu.shizuoka.jp
3315,nishio.aichi.jp
3316,nl.eu.org
3317,noho.st
3318,nom.al
3319,nom.cl
3320,nosegawa.nara.jp
3321,not.br
3322,novara.it
3323,nowaruda.pl
3324,nt.edu.au
3325,nt.ro
3326,ntdll.top
3327,numata.hokkaido.jp
3328,nuoro.it
3329,nym.by
3330,nym.lt
3331,nym.pe
3332,nym.ro
3333,nym.su
3334,nym.tw
3335,o.se
3336,odate.akita.jp
3337,odawara.kanagawa.jp
3338,ogaki.gifu.jp
3339,ogasawara.tokyo.jp
3340,ogori.fukuoka.jp
3341,ohkura.yamagata.jp
3342,okazaki.aichi.jp
3343,okinawa.okinawa.jp
3344,olawa.pl
3345,olbia-tempio.it
3346,omega
3347,ono.hyogo.jp
3348,opencraft.hosting
3349,oracle
3350,org.ba
3351,org.bn
3352,org.cu
3353,org.gy
3354,org.je
3355,org.kp
3356,org.lc
3357,org.ly
3358,org.me
3359,org.om
3360,org.sl
3361,org.ws
3362,oshino.yamanashi.jp
3363,otsu.shiga.jp
3364,oyama.tochigi.jp
3365,panasonic
3366,pb.leg.br
3367,pe.it
3368,pescara.it
3369,pharmacien.fr
3370,piacenza.it
3371,pistoia.it
3372,plo.ps
3373,pn.it
3374,pnc
3375,podlasie.pl
3376,pohl
3377,pomorze.pl
3378,potenza.it
3379,powiat.pl
3380,praxi
3381,press.ma
3382,presse.ml
3383,prof
3384,protection
3385,przeworsk.pl
3386,pub.sa
3387,pvh.br
3388,qc.com
3389,qpon
3390,qvc
3391,rc.it
3392,readmyblog.org
3393,recife.br
3394,reggio-calabria.it
3395,rel.pl
3396,republican
3397,ricoh
3398,rieti.it
3399,rnrt.tn
3400,ro.it
3401,room
3402,rovno.ua
3403,rwe
3404,s.se
3405,s3.dualstack.eu-west-2.amazonaws.com
3406,sa-east-1.elasticbeanstalk.com
3407,sa.gov.pl
3408,sa.it
3409,saka.hiroshima.jp
3410,sakae.nagano.jp
3411,sakai.osaka.jp
3412,salvador.br
3413,sassari.it
3414,save
3415,saves-the-whales.com
3416,savona.it
3417,sc.kr
3418,sc.tz
3419,sc.ug
3420,sca
3421,sch.ir
3422,sch.sa
3423,schools.nsw.edu.au
3424,sci.eg
3425,securitytactics.com
3426,servebbs.net
3427,servegame.org
3428,shiga.jp
3429,shimane.jp
3430,shimokitayama.nara.jp
3431,shimosuwa.nagano.jp
3432,shinagawa.tokyo.jp
3433,shingo.aomori.jp
3434,shop.pl
3435,showa.fukushima.jp
3436,siracusa.it
3437,so.gov.pl
3438,soc.srcf.net
3439,softbank
3440,song
3441,sp.leg.br
3442,spa
3443,space.museum
3444,spectrum.myjino.ru
3445,spot
3446,stalowa-wola.pl
3447,starachowice.pl
3448,statebank
3449,statefarm
3450,store.st
3451,stuff-4-sale.org
3452,sugito.saitama.jp
3453,suita.osaka.jp
3454,sumita.iwate.jp
3455,synology-diskstation.de
3456,szczytno.pl
3457,szkola.pl
3458,t.se
3459,tab
3460,takaoka.toyama.jp
3461,takayama.gunma.jp
3462,takikawa.hokkaido.jp
3463,target
3464,tas.au
3465,tatsuno.nagano.jp
3466,tc.br
3467,tci
3468,tdk
3469,temasek
3470,tenkawa.nara.jp
3471,teo.br
3472,teramo.it
3473,the.br
3474,theatre
3475,time.no
3476,tobishima.aichi.jp
3477,tokai.aichi.jp
3478,tos.it
3479,toshiba
3480,toyohashi.aichi.jp
3481,trading
3482,trentino.it
3483,turystyka.pl
3484,twmail.net
3485,udi.br
3486,udine.it
3487,uk.eu.org
3488,um.gov.pl
3489,umaji.kochi.jp
3490,urawa.saitama.jp
3491,urayasu.chiba.jp
3492,ustka.pl
3493,uw.gov.pl
3494,v.ua
3495,ven.it
3496,veterinaire.fr
3497,vicenza.it
3498,virtualserver.io
3499,vix.br
3500,volkswagen
3501,voto
3502,vr.it
3503,vt.it
3504,warabi.saitama.jp
3505,wegrow.pl
3506,williamhill
3507,wios.gov.pl
3508,wlocl.pl
3509,wodzislaw.pl
3510,wtc
3511,www.ro
3512,xj.cn
3513,xn--12co0c3b4eva.xn--o3cw4h
3514,xn--42c2d9a
3515,xn--55qx5d.cn
3516,xn--55qx5d.hk
3517,xn--55qx5d.xn--j6w193g
3518,xn--80ao21a
3519,xn--80aswg
3520,xn--90a3ac
3521,xn--90ae
3522,xn--bck1b9a5dre4c
3523,xn--c2br7g
3524,xn--czrs0t
3525,xn--d1alf
3526,xn--e1a4c
3527,xn--h2brj9c
3528,xn--i1b6b1a6a2e
3529,xn--imr513n
3530,xn--j1aef
3531,xn--qxam
3532,xn--rhqv96g
3533,yachiyo.chiba.jp
3534,yachts
3535,yahiko.niigata.jp
3536,yalta.ua
3537,yamatotakada.nara.jp
3538,yokosuka.kanagawa.jp
3539,zama.kanagawa.jp
3540,zgorzelec.pl
3541,zhitomir.ua
