1,com
2,net
3,googleapis.com
4,org
5,io
6,goog
7,akadns.net
8,blob.core.windows.net
9,microsoft
10,ms
11,us
12,akamaized.net
13,akamaiedge.net
14,akamai.net
15,co
16,fastly-edge.com
17,arpa
18,map.fastly.net
19,gov
20,trafficmanager.net
21,us-east-1.amazonaws.com
22,apple
23,s3.amazonaws.com
24,google
25,tv
26,dev
27,edu
28,azureedge.net
29,me
30,cn
31,ai
32,cloud
33,azurefd.net
34,edgesuite.net
35,withgoogle.com
36,app
37,cloudflare.net
38,cdn.cloudflare.net
39,eu
40,edgekey.net
41,news
42,tech
43,us-east-1.elb.amazonaws.com
44,akamaihd.net
45,de
46,uk
47,ru
48,co.uk
49,azurewebsites.net
50,fi
51,network
52,us-west-2.elb.amazonaws.com
53,gg
54,ac
55,jp
56,cc
57,s3.us-west-2.amazonaws.com
58,info
59,it
60,link
61,xyz
62,rsc.cdn77.org
63,mobi
64,execute-api.us-east-1.amazonaws.com
65,gt
66,live
67,be
68,site
69,id
70,im
71,servicebus.windows.net
72,media
73,com.cn
74,pl
75,awsglobalaccelerator.com
76,amazon
77,biz
78,ca
79,delivery
80,mx
81,services
82,us-east-2.elb.amazonaws.com
83,s3.us-east-1.amazonaws.com
84,githubusercontent.com
85,in
86,kr
87,co.id
88,appspot.com
89,co.jp
90,fm
91,top
92,co.kr
93,online
94,to
95,a.run.app
96,fr
97,ly
98,vn
99,s3-us-west-2.amazonaws.com
100,github.io
101,nl
102,tools
103,pro
104,s3.us-east-2.amazonaws.com
105,us-central1.run.app
106,eu-west-1.elb.amazonaws.com
107,sg
108,br
109,asia
110,page
111,se
112,es
113,com.br
114,solutions
115,pub
116,au
117,school
118,cloudfunctions.net
119,so
120,hn
121,com.au
122,global.ssl.fastly.net
123,hlx.page
124,execute-api.us-west-2.amazonaws.com
125,shop
126,elasticbeanstalk.com
127,video
128,icu
129,ph
130,one
131,technology
132,pages.dev
133,aws
134,tr
135,com.mx
136,myshopify.com
137,my
138,biz.id
139,ch
140,workers.dev
141,vip
142,chat
143,market
144,at
145,cz
146,s3.eu-central-1.amazonaws.com
147,s3.eu-west-1.amazonaws.com
148,com.tr
149,click
150,us-east-1.elasticbeanstalk.com
151,store
152,sk
153,bi
154,sh
155,build
156,am
157,execute-api.us-east-2.amazonaws.com
158,ro
159,azure-api.net
160,no
161,ws
162,s3.dualstack.us-west-2.amazonaws.com
163,th
164,com.vn
165,tw
166,pe
167,bid
168,ua
169,nz
170,s3.dualstack.us-east-1.amazonaws.com
171,fun
172,space
173,is
174,club
175,dyndns.org
176,herokuapp.com
177,systems
178,edu.cn
179,hk
180,com.ph
181,world
182,digital
183,cdn.digitaloceanspaces.com
184,ee
185,chrome
186,eu-central-1.elb.amazonaws.com
187,ar
188,zone
189,ne.jp
190,s3-us-west-1.amazonaws.com
191,co.th
192,gr
193,fox
194,support
195,dk
196,firebaseapp.com
197,co.nz
198,co.za
199,s3.us-west-1.amazonaws.com
200,onion
201,ir
202,life
203,health
204,com.ar
205,com.hk
206,pt
207,events
208,ie
209,cl
210,hu
211,sap
212,com.my
213,com.tw
214,il
215,com.co
216,games
217,blogspot.com
218,com.ua
219,org.uk
220,canva-apps.com
221,co.in
222,com.sg
223,global
224,ink
225,today
226,s3-ap-southeast-1.amazonaws.com
227,s3.ap-southeast-1.amazonaws.com
228,execute-api.eu-west-1.amazonaws.com
229,org.cn
230,gov.uk
231,email
232,pk
233,ac.uk
234,cr
235,do
236,bot
237,st
238,la
239,software
240,host
241,gl
242,s3-external-1.amazonaws.com
243,si
244,us-west-1.elb.amazonaws.com
245,co.il
246,s3-eu-west-1.amazonaws.com
247,kz
248,ae
249,md
250,house
251,lt
252,by
253,gle
254,work
255,ad
256,cloudapp.net
257,help
258,s3.dualstack.eu-west-1.amazonaws.com
259,lu
260,ac.id
261,blog
262,design
263,bg
264,go.id
265,files.oaiusercontent.com
266,art
267,ap-southeast-1.elb.amazonaws.com
268,su
269,ng
270,li
271,ge
272,pr
273,ma
274,works
275,com.pr
276,rs
277,qpon
278,security
279,lv
280,gov.br
281,sa
282,re
283,cfd
284,mil
285,ec
286,run
287,rest
288,studio
289,hr
290,lol
291,h5games.usercontent.goog
292,pw
293,cm
294,bz
295,fastlylb.net
296,win
297,net.id
298,plus
299,int
300,ninja
301,management
302,v2.run.app
303,pics
304,com.ng
305,sb
306,com.pk
307,dz
308,web.app
309,s3.eu-west-2.amazonaws.com
310,bet
311,qc.ca
312,ke
313,ve
314,execute-api.us-west-1.amazonaws.com
315,cyou
316,wiki
317,website
318,com.do
319,supabase.co
320,net.cn
321,red
322,netlify.app
323,files09.oaiusercontent.com
324,nu
325,vercel.app
326,wpenginepowered.com
327,engineering
328,go.cr
329,net.uk
330,com.bd
331,uc.r.appspot.com
332,ap-northeast-1.elb.amazonaws.com
333,com.gt
334,cat
335,co.ke
336,ki
337,s3-website.us-west-2.amazonaws.com
338,team
339,ltd
340,translate.goog
341,vi
342,execute-api.eu-west-2.amazonaws.com
343,com.sa
344,net.in
345,pa
346,com.pe
347,co.cr
348,rocks
349,lk
350,co.vi
351,gs
352,tk
353,ag
354,com.ec
355,sdmntprsouthcentralus.oaiusercontent.com
356,eg
357,service.gov.uk
358,sc
359,uy
360,sdmntprnorthcentralus.oaiusercontent.com
361,xn--p1ai
362,al
363,az
364,as
365,blackbaudcdn.net
366,social
367,qa
368,ap-northeast-2.elb.amazonaws.com
369,sbs
370,yandexcloud.net
371,gitlab.io
372,co.ve
373,uz
374,com.mm
375,stream
376,execute-api.ap-southeast-2.amazonaws.com
377,name
378,adobeaemcloud.com
379,vc
380,tm
381,execute-api.eu-central-1.amazonaws.com
382,sdmntprcentralus.oaiusercontent.com
383,ba
384,wtf
385,cy
386,ht
387,py
388,best
389,mk
390,ps
391,statefarm
392,vg
393,xxx
394,sdmntprwestus.oaiusercontent.com
395,ac.in
396,go.th
397,gy
398,eu.org
399,com.pl
400,storage.yandexcloud.net
401,wpmucdn.com
402,execute-api.ca-central-1.amazonaws.com
403,om
404,eu-west-2.elb.amazonaws.com
405,gob.mx
406,com.pa
407,bio
408,camera
409,gov.co
410,iq
411,audio
412,com.uy
413,my.id
414,org.au
415,jobs
416,com.py
417,ac.kr
418,dattolocal.net
419,cdn.prod.atlassian-dev.net
420,box
421,tn
422,or.jp
423,s3.dualstack.ap-southeast-1.amazonaws.com
424,gov.in
425,execute-api.me-south-1.amazonaws.com
426,moe
427,onrender.com
428,com.eg
429,com.cy
430,ac.jp
431,com.jm
432,co.ma
433,pet
434,bh
435,gov.vn
436,ml
437,com.np
438,edu.vn
439,sv
440,tl
441,press
442,buzz
443,cx
444,mt
445,kg
446,ga
447,gov.tr
448,zw
449,edu.au
450,com.qa
451,map.fastlylb.net
452,jo
453,co.zw
454,tz
455,gh
456,pstmn.io
457,education
458,com.bh
459,ug
460,sdmntpreastus2.oaiusercontent.com
461,bo
462,kw
463,group
464,inc
465,net.au
466,awsapps.com
467,codes
468,gov.cn
469,com.kh
470,bank
471,agency
472,hosting
473,cf
474,us-east-2.elasticbeanstalk.com
475,com.sv
476,nyc3.digitaloceanspaces.com
477,co.tz
478,com.om
479,bs
480,tt
481,com.kw
482,coop
483,duckdns.org
484,com.gh
485,business
486,gc.ca
487,ondigitalocean.app
488,cam
489,aero
490,ni
491,auth.us-east-1.amazoncognito.com
492,photos
493,na
494,mn
495,ci
496,nhs.uk
497,ddns.net
498,guru
499,gov.au
500,com.ru
501,sn
502,com.bo
503,org.br
504,menu
505,ar.us
506,co.ug
507,sdmntpraustraliaeast.oaiusercontent.com
508,cu
509,mu
510,com.ni
511,finance
512,k12.ar.us
513,dm
514,marketing
515,tx.us
516,love
517,com.na
518,lat
519,com.mt
520,cafe
521,edu.co
522,cv
523,sl
524,je
525,or.kr
526,go.jp
527,ac.cn
528,mg
529,it.com
530,lb
531,travel
532,ne
533,rw
534,mv
535,sr
536,tj
537,mn.us
538,ao
539,in.th
540,gov.tw
541,af
542,bw
543,watch
544,care
545,gov.ph
546,cd
547,mw
548,s3-website-us-west-2.amazonaws.com
549,com.sl
550,fly.dev
551,sdmntprwestus3.oaiusercontent.com
552,pn
553,et
554,ny.us
555,com.vc
556,co.bw
557,abbott
558,bn
559,sx
560,ac.th
561,mz
562,zm
563,tg
564,com.lb
565,sdmntprwestcentralus.oaiusercontent.com
566,sdmntpreastus.oaiusercontent.com
567,s3-us-gov-west-1.amazonaws.com
568,sdmntprukwest.oaiusercontent.com
569,direct
570,us-east-1.awsapprunner.com
571,bf
572,ls
573,r2.dev
574,freetls.fastly.net
575,fj
576,co.mz
577,co.ao
578,cool
579,com.bz
580,com.bn
581,bj
582,gi
583,science
584,s3.ap-south-1.amazonaws.com
585,sky
586,com.fj
587,sdmntpritalynorth.oaiusercontent.com
588,co.uz
589,eu.com
590,sdmntprpolandcentral.oaiusercontent.com
591,vu
592,casa
593,gp
594,dj
595,bt
596,gm
597,nf
598,execute-api.eu-west-3.amazonaws.com
599,center
600,com.ly
601,com.af
602,httpbin.org
603,monster
604,tube
605,ca-central-1.elb.amazonaws.com
606,sm
607,sdmntprnortheu.oaiusercontent.com
608,ac.il
609,uno
610,cg
611,nr
612,bond
613,co.zm
614,sdmntprwestus2.oaiusercontent.com
615,static.usercontent.goog
616,s3.ap-northeast-1.amazonaws.com
617,com.et
618,com.pg
619,com.ve
620,energy
621,desi
622,co.ls
623,td
624,com.ai
625,com.ag
626,com.cu
627,amplifyapp.com
628,azurestaticapps.net
629,com.gi
630,co.ck
631,com.sb
632,gov.ua
633,ovh
634,or.us
635,com.tj
636,fan
637,eu-west-3.elb.amazonaws.com
638,com.nf
639,pantheonsite.io
640,party
641,date
642,gov.my
643,s3.eu-west-3.amazonaws.com
644,edu.pl
645,fit
646,ca.us
647,london
648,gov.hk
649,us-west-2.elasticbeanstalk.com
650,bradesco
651,mi.us
652,us.com
653,ey.r.appspot.com
654,org.tr
655,partners
656,blue
657,cash
658,city
659,edu.tw
660,s3.ca-central-1.amazonaws.com
661,ap-south-1.elb.amazonaws.com
662,fyi
663,trade
664,tips
665,ladesk.com
666,land
667,eu-west-1.elasticbeanstalk.com
668,s3.ap-southeast-2.amazonaws.com
669,execute-api.ap-southeast-1.amazonaws.com
670,in.ua
671,or.id
672,tf
673,gov.sa
674,company
675,files07.oaiusercontent.com
676,notion.site
677,files08.oaiusercontent.com
678,go.kr
679,sgp1.digitaloceanspaces.com
680,gob.es
681,apps.fbsbx.com
682,autos
683,smushcdn.com
684,up.railway.app
685,org.mx
686,gob.ec
687,academy
688,show
689,edu.tr
690,direct.quickconnect.to
691,gold
692,gob.do
693,bar
694,fi.cr
695,org.ua
696,earth
697,eu-west-1.awsapprunner.com
698,auth.us-west-2.amazoncognito.com
699,edu.ar
700,bm
701,onl
702,game
703,now
704,us-gov-west-1.elb.amazonaws.com
705,report
706,town
707,ax
708,cab
709,edu.br
710,ad.jp
711,eu-central-1.elasticbeanstalk.com
712,gov.sg
713,nyc
714,s3.us-gov-west-1.amazonaws.com
715,gouv.fr
716,scot
717,bike
718,org.tw
719,gob.ar
720,quest
721,eus
722,web.id
723,nj.us
724,k12.or.us
725,download
726,money
727,kiev.ua
728,movie
729,synology.me
730,fl.us
731,ap-southeast-2.elb.amazonaws.com
732,gr.jp
733,gob.pa
734,sch.id
735,oh.us
736,porn
737,uk.com
738,ac.ir
739,ac.at
740,square.site
741,or.th
742,net.vn
743,us.org
744,asia-east1.run.app
745,edu.hk
746,tc
747,s3.eu-north-1.amazonaws.com
748,govt.nz
749,gov.it
750,edu.mx
751,exchange
752,wixsite.com
753,gallery
754,expert
755,myqnapcloud.com
756,gay
757,community
758,my.canva.site
759,ing
760,how
761,nic.in
762,beer
763,skin
764,gd
765,net.br
766,dhl
767,gov.pt
768,ooo
769,law
770,vin
771,edu.my
772,parts
773,js.org
774,gov.pl
775,church
776,eco
777,pm
778,fra1.digitaloceanspaces.com
779,coffee
780,id.forgerock.io
781,foundation
782,auto
783,tel
784,s3.dualstack.eu-central-1.amazonaws.com
785,mom
786,edu.sg
787,sn.mynetname.net
788,sp.gov.br
789,gob.gt
790,org.il
791,edu.pe
792,supply
793,co.com
794,meme
795,s3-website-us-east-1.amazonaws.com
796,new
797,mp
798,mt.gov.br
799,garden
800,rip
801,day
802,wf
803,us-southeast-1.linodeobjects.com
804,africa
805,guide
806,scf.usercontent.goog
807,gov.ru
808,farm
809,ed.jp
810,golf
811,us-west-2.awsapprunner.com
812,me.uk
813,org.nz
814,sfo2.digitaloceanspaces.com
815,tokyo
816,org.pl
817,net.nz
818,ew.r.appspot.com
819,mo
820,edu.pk
821,edu.in
822,globo
823,photo
824,net.co
825,com.es
826,solar
827,pictures
828,org.ar
829,gob.pe
830,wi.us
831,s3.sa-east-1.amazonaws.com
832,dental
833,k12.ca.us
834,homes
835,members.linode.com
836,cards
837,museum
838,baby
839,readthedocs.io
840,cymru
841,forum
842,gov.il
843,id.au
844,ui.nabu.casa
845,org.in
846,uc.gateway.dev
847,edu.ph
848,edu.ng
849,org.za
850,on.ca
851,nc.us
852,cdn.bubble.io
853,net.ua
854,express
855,co.us
856,gov.ar
857,s3-ap-northeast-1.amazonaws.com
858,ac.za
859,ddnss.de
860,net.my
861,a.ssl.fastly.net
862,europe-west3.run.app
863,ams3.digitaloceanspaces.com
864,googlecode.com
865,edu.ua
866,vet
867,bbva
868,gv.at
869,edu.ec
870,s3-sa-east-1.amazonaws.com
871,s3-us-east-2.amazonaws.com
872,ma.us
873,gov.ae
874,net.pl
875,vision
876,uk.net
877,bc.ca
878,canon
879,sh.cn
880,loan
881,playables.usercontent.goog
882,boats
883,webcam
884,il.us
885,lg.jp
886,fo
887,gov.bd
888,s3-website.us-east-1.amazonaws.com
889,com.de
890,s3-ap-southeast-2.amazonaws.com
891,xin
892,pa.us
893,gov.rs
894,dating
895,gov.eg
896,style
897,europe-west1.run.app
898,vn.ua
899,s3-website.eu-central-1.amazonaws.com
900,execute-api.ap-northeast-1.amazonaws.com
901,pr.gov.br
902,edu.it
903,film
904,audi
905,org.hk
906,amex
907,s3.dualstack.us-east-2.amazonaws.com
908,dog
909,industries
910,schwarz
911,s3.ap-east-1.amazonaws.com
912,es.gov.br
913,wine
914,wales
915,gq
916,swiss
917,sa.com
918,training
919,gov.ng
920,in.us
921,spb.ru
922,jus.br
923,ac.nz
924,k12.mi.us
925,place
926,hair
927,s3-eu-central-1.amazonaws.com
928,college
929,5.azurestaticapps.net
930,coach
931,us-west-1.elasticbeanstalk.com
932,beauty
933,myfritz.net
934,net.mx
935,nfshost.com
936,men
937,ac.cr
938,zapto.org
939,appspaceusercontent.com
940,ia.us
941,kasserver.com
942,no-ip.info
943,toys
944,net.pk
945,directory
946,net.ru
947,org.ec
948,net.tr
949,execute-api.ap-south-1.amazonaws.com
950,sex
951,biz.ua
952,us-east-2.awsapprunner.com
953,sport
954,gratis
955,trycloudflare.com
956,nw.r.appspot.com
957,legal
958,pizza
959,hopto.org
960,strapiapp.com
961,casino
962,waw.pl
963,yachts
964,radio
965,ru.com
966,org.ve
967,s3.ap-northeast-2.amazonaws.com
968,ky
969,deals
970,mg.gov.br
971,qld.gov.au
972,sakura.ne.jp
973,sfo3.digitaloceanspaces.com
974,gov.mo
975,vic.gov.au
976,lpages.co
977,christmas
978,oci.customer-oci.com
979,sa-east-1.elb.amazonaws.com
980,com.pt
981,co.at
982,in-addr.arpa
983,ac.ke
984,execute-api.ap-northeast-2.amazonaws.com
985,capital
986,ga.us
987,international
988,ind.in
989,dyndns.tv
990,ist
991,wang
992,auth.us-east-2.amazoncognito.com
993,gov.pk
994,2.azurestaticapps.net
995,careers
996,k12.in.us
997,zip
998,domains
999,us-iad-1.linodeobjects.com
1000,berlin
